experiment_id,lambda_joint_soft_group,decoder_name,cohort,matrix_type,true_label,pred_label,count,row_sum,row_percent
grandBatch128,joint_ce_on,decoder_non_qwk,handan,joint6_with_inv,00,00,377,419,0.8997613365155132
grandBatch128,joint_ce_on,decoder_non_qwk,handan,joint6_with_inv,00,11,0,419,0.0
grandBatch128,joint_ce_on,decoder_non_qwk,handan,joint6_with_inv,00,12,0,419,0.0
grandBatch128,joint_ce_on,decoder_non_qwk,handan,joint6_with_inv,00,21,0,419,0.0
grandBatch128,joint_ce_on,decoder_non_qwk,handan,joint6_with_inv,00,22,0,419,0.0
grandBatch128,joint_ce_on,decoder_non_qwk,handan,joint6_with_inv,00,32,27,419,0.06443914081145585
grandBatch128,joint_ce_on,decoder_non_qwk,handan,joint6_with_inv,00,INV,15,419,0.03579952267303103
grandBatch128,joint_ce_on,decoder_non_qwk,handan,joint6_with_inv,11,00,2,2,1.0
grandBatch128,joint_ce_on,decoder_non_qwk,handan,joint6_with_inv,11,11,0,2,0.0
grandBatch128,joint_ce_on,decoder_non_qwk,handan,joint6_with_inv,11,12,0,2,0.0
grandBatch128,joint_ce_on,decoder_non_qwk,handan,joint6_with_inv,11,21,0,2,0.0
grandBatch128,joint_ce_on,decoder_non_qwk,handan,joint6_with_inv,11,22,0,2,0.0
grandBatch128,joint_ce_on,decoder_non_qwk,handan,joint6_with_inv,11,32,0,2,0.0
grandBatch128,joint_ce_on,decoder_non_qwk,handan,joint6_with_inv,11,INV,0,2,0.0
grandBatch128,joint_ce_on,decoder_non_qwk,handan,joint6_with_inv,12,00,1,3,0.3333333333333333
grandBatch128,joint_ce_on,decoder_non_qwk,handan,joint6_with_inv,12,11,0,3,0.0
grandBatch128,joint_ce_on,decoder_non_qwk,handan,joint6_with_inv,12,12,0,3,0.0
grandBatch128,joint_ce_on,decoder_non_qwk,handan,joint6_with_inv,12,21,0,3,0.0
grandBatch128,joint_ce_on,decoder_non_qwk,handan,joint6_with_inv,12,22,0,3,0.0
grandBatch128,joint_ce_on,decoder_non_qwk,handan,joint6_with_inv,12,32,1,3,0.3333333333333333
grandBatch128,joint_ce_on,decoder_non_qwk,handan,joint6_with_inv,12,INV,1,3,0.3333333333333333
grandBatch128,joint_ce_on,decoder_non_qwk,handan,joint6_with_inv,21,00,1,1,1.0
grandBatch128,joint_ce_on,decoder_non_qwk,handan,joint6_with_inv,21,11,0,1,0.0
grandBatch128,joint_ce_on,decoder_non_qwk,handan,joint6_with_inv,21,12,0,1,0.0
grandBatch128,joint_ce_on,decoder_non_qwk,handan,joint6_with_inv,21,21,0,1,0.0
grandBatch128,joint_ce_on,decoder_non_qwk,handan,joint6_with_inv,21,22,0,1,0.0
grandBatch128,joint_ce_on,decoder_non_qwk,handan,joint6_with_inv,21,32,0,1,0.0
grandBatch128,joint_ce_on,decoder_non_qwk,handan,joint6_with_inv,21,INV,0,1,0.0
grandBatch128,joint_ce_on,decoder_non_qwk,handan,joint6_with_inv,22,00,32,45,0.7111111111111111
grandBatch128,joint_ce_on,decoder_non_qwk,handan,joint6_with_inv,22,11,0,45,0.0
grandBatch128,joint_ce_on,decoder_non_qwk,handan,joint6_with_inv,22,12,1,45,0.022222222222222223
grandBatch128,joint_ce_on,decoder_non_qwk,handan,joint6_with_inv,22,21,0,45,0.0
grandBatch128,joint_ce_on,decoder_non_qwk,handan,joint6_with_inv,22,22,0,45,0.0
grandBatch128,joint_ce_on,decoder_non_qwk,handan,joint6_with_inv,22,32,6,45,0.13333333333333333
grandBatch128,joint_ce_on,decoder_non_qwk,handan,joint6_with_inv,22,INV,6,45,0.13333333333333333
grandBatch128,joint_ce_on,decoder_non_qwk,handan,joint6_with_inv,32,00,26,36,0.7222222222222222
grandBatch128,joint_ce_on,decoder_non_qwk,handan,joint6_with_inv,32,11,0,36,0.0
grandBatch128,joint_ce_on,decoder_non_qwk,handan,joint6_with_inv,32,12,0,36,0.0
grandBatch128,joint_ce_on,decoder_non_qwk,handan,joint6_with_inv,32,21,0,36,0.0
grandBatch128,joint_ce_on,decoder_non_qwk,handan,joint6_with_inv,32,22,0,36,0.0
grandBatch128,joint_ce_on,decoder_non_qwk,handan,joint6_with_inv,32,32,6,36,0.16666666666666666
grandBatch128,joint_ce_on,decoder_non_qwk,handan,joint6_with_inv,32,INV,4,36,0.1111111111111111
grandBatch128,joint_ce_on,decoder_non_qwk,handan,joint6_with_inv,INV,00,0,0,
grandBatch128,joint_ce_on,decoder_non_qwk,handan,joint6_with_inv,INV,11,0,0,
grandBatch128,joint_ce_on,decoder_non_qwk,handan,joint6_with_inv,INV,12,0,0,
grandBatch128,joint_ce_on,decoder_non_qwk,handan,joint6_with_inv,INV,21,0,0,
grandBatch128,joint_ce_on,decoder_non_qwk,handan,joint6_with_inv,INV,22,0,0,
grandBatch128,joint_ce_on,decoder_non_qwk,handan,joint6_with_inv,INV,32,0,0,
grandBatch128,joint_ce_on,decoder_non_qwk,handan,joint6_with_inv,INV,INV,0,0,
grandBatch128,joint_ce_on,decoder_non_qwk,handan_have_bmi,joint6_with_inv,00,00,326,368,0.8858695652173914
grandBatch128,joint_ce_on,decoder_non_qwk,handan_have_bmi,joint6_with_inv,00,11,0,368,0.0
grandBatch128,joint_ce_on,decoder_non_qwk,handan_have_bmi,joint6_with_inv,00,12,0,368,0.0
grandBatch128,joint_ce_on,decoder_non_qwk,handan_have_bmi,joint6_with_inv,00,21,0,368,0.0
grandBatch128,joint_ce_on,decoder_non_qwk,handan_have_bmi,joint6_with_inv,00,22,0,368,0.0
grandBatch128,joint_ce_on,decoder_non_qwk,handan_have_bmi,joint6_with_inv,00,32,27,368,0.07336956521739131
grandBatch128,joint_ce_on,decoder_non_qwk,handan_have_bmi,joint6_with_inv,00,INV,15,368,0.04076086956521739
grandBatch128,joint_ce_on,decoder_non_qwk,handan_have_bmi,joint6_with_inv,11,00,2,2,1.0
grandBatch128,joint_ce_on,decoder_non_qwk,handan_have_bmi,joint6_with_inv,11,11,0,2,0.0
grandBatch128,joint_ce_on,decoder_non_qwk,handan_have_bmi,joint6_with_inv,11,12,0,2,0.0
grandBatch128,joint_ce_on,decoder_non_qwk,handan_have_bmi,joint6_with_inv,11,21,0,2,0.0
grandBatch128,joint_ce_on,decoder_non_qwk,handan_have_bmi,joint6_with_inv,11,22,0,2,0.0
grandBatch128,joint_ce_on,decoder_non_qwk,handan_have_bmi,joint6_with_inv,11,32,0,2,0.0
grandBatch128,joint_ce_on,decoder_non_qwk,handan_have_bmi,joint6_with_inv,11,INV,0,2,0.0
grandBatch128,joint_ce_on,decoder_non_qwk,handan_have_bmi,joint6_with_inv,12,00,1,3,0.3333333333333333
grandBatch128,joint_ce_on,decoder_non_qwk,handan_have_bmi,joint6_with_inv,12,11,0,3,0.0
grandBatch128,joint_ce_on,decoder_non_qwk,handan_have_bmi,joint6_with_inv,12,12,0,3,0.0
grandBatch128,joint_ce_on,decoder_non_qwk,handan_have_bmi,joint6_with_inv,12,21,0,3,0.0
grandBatch128,joint_ce_on,decoder_non_qwk,handan_have_bmi,joint6_with_inv,12,22,0,3,0.0
grandBatch128,joint_ce_on,decoder_non_qwk,handan_have_bmi,joint6_with_inv,12,32,1,3,0.3333333333333333
grandBatch128,joint_ce_on,decoder_non_qwk,handan_have_bmi,joint6_with_inv,12,INV,1,3,0.3333333333333333
grandBatch128,joint_ce_on,decoder_non_qwk,handan_have_bmi,joint6_with_inv,21,00,1,1,1.0
grandBatch128,joint_ce_on,decoder_non_qwk,handan_have_bmi,joint6_with_inv,21,11,0,1,0.0
grandBatch128,joint_ce_on,decoder_non_qwk,handan_have_bmi,joint6_with_inv,21,12,0,1,0.0
grandBatch128,joint_ce_on,decoder_non_qwk,handan_have_bmi,joint6_with_inv,21,21,0,1,0.0
grandBatch128,joint_ce_on,decoder_non_qwk,handan_have_bmi,joint6_with_inv,21,22,0,1,0.0
grandBatch128,joint_ce_on,decoder_non_qwk,handan_have_bmi,joint6_with_inv,21,32,0,1,0.0
grandBatch128,joint_ce_on,decoder_non_qwk,handan_have_bmi,joint6_with_inv,21,INV,0,1,0.0
grandBatch128,joint_ce_on,decoder_non_qwk,handan_have_bmi,joint6_with_inv,22,00,28,41,0.6829268292682927
grandBatch128,joint_ce_on,decoder_non_qwk,handan_have_bmi,joint6_with_inv,22,11,0,41,0.0
grandBatch128,joint_ce_on,decoder_non_qwk,handan_have_bmi,joint6_with_inv,22,12,1,41,0.024390243902439025
grandBatch128,joint_ce_on,decoder_non_qwk,handan_have_bmi,joint6_with_inv,22,21,0,41,0.0
grandBatch128,joint_ce_on,decoder_non_qwk,handan_have_bmi,joint6_with_inv,22,22,0,41,0.0
grandBatch128,joint_ce_on,decoder_non_qwk,handan_have_bmi,joint6_with_inv,22,32,6,41,0.14634146341463414
grandBatch128,joint_ce_on,decoder_non_qwk,handan_have_bmi,joint6_with_inv,22,INV,6,41,0.14634146341463414
grandBatch128,joint_ce_on,decoder_non_qwk,handan_have_bmi,joint6_with_inv,32,00,21,31,0.6774193548387096
grandBatch128,joint_ce_on,decoder_non_qwk,handan_have_bmi,joint6_with_inv,32,11,0,31,0.0
grandBatch128,joint_ce_on,decoder_non_qwk,handan_have_bmi,joint6_with_inv,32,12,0,31,0.0
grandBatch128,joint_ce_on,decoder_non_qwk,handan_have_bmi,joint6_with_inv,32,21,0,31,0.0
grandBatch128,joint_ce_on,decoder_non_qwk,handan_have_bmi,joint6_with_inv,32,22,0,31,0.0
grandBatch128,joint_ce_on,decoder_non_qwk,handan_have_bmi,joint6_with_inv,32,32,6,31,0.1935483870967742
grandBatch128,joint_ce_on,decoder_non_qwk,handan_have_bmi,joint6_with_inv,32,INV,4,31,0.12903225806451613
grandBatch128,joint_ce_on,decoder_non_qwk,handan_have_bmi,joint6_with_inv,INV,00,0,0,
grandBatch128,joint_ce_on,decoder_non_qwk,handan_have_bmi,joint6_with_inv,INV,11,0,0,
grandBatch128,joint_ce_on,decoder_non_qwk,handan_have_bmi,joint6_with_inv,INV,12,0,0,
grandBatch128,joint_ce_on,decoder_non_qwk,handan_have_bmi,joint6_with_inv,INV,21,0,0,
grandBatch128,joint_ce_on,decoder_non_qwk,handan_have_bmi,joint6_with_inv,INV,22,0,0,
grandBatch128,joint_ce_on,decoder_non_qwk,handan_have_bmi,joint6_with_inv,INV,32,0,0,
grandBatch128,joint_ce_on,decoder_non_qwk,handan_have_bmi,joint6_with_inv,INV,INV,0,0,
grandBatch128,joint_ce_on,decoder_non_qwk,hebei,joint6_with_inv,00,00,154,154,1.0
grandBatch128,joint_ce_on,decoder_non_qwk,hebei,joint6_with_inv,00,11,0,154,0.0
grandBatch128,joint_ce_on,decoder_non_qwk,hebei,joint6_with_inv,00,12,0,154,0.0
grandBatch128,joint_ce_on,decoder_non_qwk,hebei,joint6_with_inv,00,21,0,154,0.0
grandBatch128,joint_ce_on,decoder_non_qwk,hebei,joint6_with_inv,00,22,0,154,0.0
grandBatch128,joint_ce_on,decoder_non_qwk,hebei,joint6_with_inv,00,32,0,154,0.0
grandBatch128,joint_ce_on,decoder_non_qwk,hebei,joint6_with_inv,00,INV,0,154,0.0
grandBatch128,joint_ce_on,decoder_non_qwk,hebei,joint6_with_inv,11,00,10,11,0.9090909090909091
grandBatch128,joint_ce_on,decoder_non_qwk,hebei,joint6_with_inv,11,11,0,11,0.0
grandBatch128,joint_ce_on,decoder_non_qwk,hebei,joint6_with_inv,11,12,0,11,0.0
grandBatch128,joint_ce_on,decoder_non_qwk,hebei,joint6_with_inv,11,21,0,11,0.0
grandBatch128,joint_ce_on,decoder_non_qwk,hebei,joint6_with_inv,11,22,0,11,0.0
grandBatch128,joint_ce_on,decoder_non_qwk,hebei,joint6_with_inv,11,32,0,11,0.0
grandBatch128,joint_ce_on,decoder_non_qwk,hebei,joint6_with_inv,11,INV,1,11,0.09090909090909091
grandBatch128,joint_ce_on,decoder_non_qwk,hebei,joint6_with_inv,12,00,11,13,0.8461538461538461
grandBatch128,joint_ce_on,decoder_non_qwk,hebei,joint6_with_inv,12,11,0,13,0.0
grandBatch128,joint_ce_on,decoder_non_qwk,hebei,joint6_with_inv,12,12,0,13,0.0
grandBatch128,joint_ce_on,decoder_non_qwk,hebei,joint6_with_inv,12,21,0,13,0.0
grandBatch128,joint_ce_on,decoder_non_qwk,hebei,joint6_with_inv,12,22,0,13,0.0
grandBatch128,joint_ce_on,decoder_non_qwk,hebei,joint6_with_inv,12,32,2,13,0.15384615384615385
grandBatch128,joint_ce_on,decoder_non_qwk,hebei,joint6_with_inv,12,INV,0,13,0.0
grandBatch128,joint_ce_on,decoder_non_qwk,hebei,joint6_with_inv,21,00,1,1,1.0
grandBatch128,joint_ce_on,decoder_non_qwk,hebei,joint6_with_inv,21,11,0,1,0.0
grandBatch128,joint_ce_on,decoder_non_qwk,hebei,joint6_with_inv,21,12,0,1,0.0
grandBatch128,joint_ce_on,decoder_non_qwk,hebei,joint6_with_inv,21,21,0,1,0.0
grandBatch128,joint_ce_on,decoder_non_qwk,hebei,joint6_with_inv,21,22,0,1,0.0
grandBatch128,joint_ce_on,decoder_non_qwk,hebei,joint6_with_inv,21,32,0,1,0.0
grandBatch128,joint_ce_on,decoder_non_qwk,hebei,joint6_with_inv,21,INV,0,1,0.0
grandBatch128,joint_ce_on,decoder_non_qwk,hebei,joint6_with_inv,22,00,11,16,0.6875
grandBatch128,joint_ce_on,decoder_non_qwk,hebei,joint6_with_inv,22,11,0,16,0.0
grandBatch128,joint_ce_on,decoder_non_qwk,hebei,joint6_with_inv,22,12,0,16,0.0
grandBatch128,joint_ce_on,decoder_non_qwk,hebei,joint6_with_inv,22,21,0,16,0.0
grandBatch128,joint_ce_on,decoder_non_qwk,hebei,joint6_with_inv,22,22,0,16,0.0
grandBatch128,joint_ce_on,decoder_non_qwk,hebei,joint6_with_inv,22,32,1,16,0.0625
grandBatch128,joint_ce_on,decoder_non_qwk,hebei,joint6_with_inv,22,INV,4,16,0.25
grandBatch128,joint_ce_on,decoder_non_qwk,hebei,joint6_with_inv,32,00,1,5,0.2
grandBatch128,joint_ce_on,decoder_non_qwk,hebei,joint6_with_inv,32,11,0,5,0.0
grandBatch128,joint_ce_on,decoder_non_qwk,hebei,joint6_with_inv,32,12,0,5,0.0
grandBatch128,joint_ce_on,decoder_non_qwk,hebei,joint6_with_inv,32,21,0,5,0.0
grandBatch128,joint_ce_on,decoder_non_qwk,hebei,joint6_with_inv,32,22,0,5,0.0
grandBatch128,joint_ce_on,decoder_non_qwk,hebei,joint6_with_inv,32,32,3,5,0.6
grandBatch128,joint_ce_on,decoder_non_qwk,hebei,joint6_with_inv,32,INV,1,5,0.2
grandBatch128,joint_ce_on,decoder_non_qwk,hebei,joint6_with_inv,INV,00,0,0,
grandBatch128,joint_ce_on,decoder_non_qwk,hebei,joint6_with_inv,INV,11,0,0,
grandBatch128,joint_ce_on,decoder_non_qwk,hebei,joint6_with_inv,INV,12,0,0,
grandBatch128,joint_ce_on,decoder_non_qwk,hebei,joint6_with_inv,INV,21,0,0,
grandBatch128,joint_ce_on,decoder_non_qwk,hebei,joint6_with_inv,INV,22,0,0,
grandBatch128,joint_ce_on,decoder_non_qwk,hebei,joint6_with_inv,INV,32,0,0,
grandBatch128,joint_ce_on,decoder_non_qwk,hebei,joint6_with_inv,INV,INV,0,0,
grandBatch128,joint_ce_on,decoder_non_qwk,hfirstALL,joint6_with_inv,00,00,43,51,0.8431372549019608
grandBatch128,joint_ce_on,decoder_non_qwk,hfirstALL,joint6_with_inv,00,11,0,51,0.0
grandBatch128,joint_ce_on,decoder_non_qwk,hfirstALL,joint6_with_inv,00,12,3,51,0.058823529411764705
grandBatch128,joint_ce_on,decoder_non_qwk,hfirstALL,joint6_with_inv,00,21,0,51,0.0
grandBatch128,joint_ce_on,decoder_non_qwk,hfirstALL,joint6_with_inv,00,22,0,51,0.0
grandBatch128,joint_ce_on,decoder_non_qwk,hfirstALL,joint6_with_inv,00,32,1,51,0.0196078431372549
grandBatch128,joint_ce_on,decoder_non_qwk,hfirstALL,joint6_with_inv,00,INV,4,51,0.0784313725490196
grandBatch128,joint_ce_on,decoder_non_qwk,hfirstALL,joint6_with_inv,11,00,8,8,1.0
grandBatch128,joint_ce_on,decoder_non_qwk,hfirstALL,joint6_with_inv,11,11,0,8,0.0
grandBatch128,joint_ce_on,decoder_non_qwk,hfirstALL,joint6_with_inv,11,12,0,8,0.0
grandBatch128,joint_ce_on,decoder_non_qwk,hfirstALL,joint6_with_inv,11,21,0,8,0.0
grandBatch128,joint_ce_on,decoder_non_qwk,hfirstALL,joint6_with_inv,11,22,0,8,0.0
grandBatch128,joint_ce_on,decoder_non_qwk,hfirstALL,joint6_with_inv,11,32,0,8,0.0
grandBatch128,joint_ce_on,decoder_non_qwk,hfirstALL,joint6_with_inv,11,INV,0,8,0.0
grandBatch128,joint_ce_on,decoder_non_qwk,hfirstALL,joint6_with_inv,12,00,6,11,0.5454545454545454
grandBatch128,joint_ce_on,decoder_non_qwk,hfirstALL,joint6_with_inv,12,11,0,11,0.0
grandBatch128,joint_ce_on,decoder_non_qwk,hfirstALL,joint6_with_inv,12,12,0,11,0.0
grandBatch128,joint_ce_on,decoder_non_qwk,hfirstALL,joint6_with_inv,12,21,0,11,0.0
grandBatch128,joint_ce_on,decoder_non_qwk,hfirstALL,joint6_with_inv,12,22,0,11,0.0
grandBatch128,joint_ce_on,decoder_non_qwk,hfirstALL,joint6_with_inv,12,32,2,11,0.18181818181818182
grandBatch128,joint_ce_on,decoder_non_qwk,hfirstALL,joint6_with_inv,12,INV,3,11,0.2727272727272727
grandBatch128,joint_ce_on,decoder_non_qwk,hfirstALL,joint6_with_inv,21,00,11,12,0.9166666666666666
grandBatch128,joint_ce_on,decoder_non_qwk,hfirstALL,joint6_with_inv,21,11,0,12,0.0
grandBatch128,joint_ce_on,decoder_non_qwk,hfirstALL,joint6_with_inv,21,12,0,12,0.0
grandBatch128,joint_ce_on,decoder_non_qwk,hfirstALL,joint6_with_inv,21,21,0,12,0.0
grandBatch128,joint_ce_on,decoder_non_qwk,hfirstALL,joint6_with_inv,21,22,0,12,0.0
grandBatch128,joint_ce_on,decoder_non_qwk,hfirstALL,joint6_with_inv,21,32,0,12,0.0
grandBatch128,joint_ce_on,decoder_non_qwk,hfirstALL,joint6_with_inv,21,INV,1,12,0.08333333333333333
grandBatch128,joint_ce_on,decoder_non_qwk,hfirstALL,joint6_with_inv,22,00,30,44,0.6818181818181818
grandBatch128,joint_ce_on,decoder_non_qwk,hfirstALL,joint6_with_inv,22,11,0,44,0.0
grandBatch128,joint_ce_on,decoder_non_qwk,hfirstALL,joint6_with_inv,22,12,1,44,0.022727272727272728
grandBatch128,joint_ce_on,decoder_non_qwk,hfirstALL,joint6_with_inv,22,21,0,44,0.0
grandBatch128,joint_ce_on,decoder_non_qwk,hfirstALL,joint6_with_inv,22,22,0,44,0.0
grandBatch128,joint_ce_on,decoder_non_qwk,hfirstALL,joint6_with_inv,22,32,7,44,0.1590909090909091
grandBatch128,joint_ce_on,decoder_non_qwk,hfirstALL,joint6_with_inv,22,INV,6,44,0.13636363636363635
grandBatch128,joint_ce_on,decoder_non_qwk,hfirstALL,joint6_with_inv,32,00,66,95,0.6947368421052632
grandBatch128,joint_ce_on,decoder_non_qwk,hfirstALL,joint6_with_inv,32,11,0,95,0.0
grandBatch128,joint_ce_on,decoder_non_qwk,hfirstALL,joint6_with_inv,32,12,4,95,0.042105263157894736
grandBatch128,joint_ce_on,decoder_non_qwk,hfirstALL,joint6_with_inv,32,21,0,95,0.0
grandBatch128,joint_ce_on,decoder_non_qwk,hfirstALL,joint6_with_inv,32,22,0,95,0.0
grandBatch128,joint_ce_on,decoder_non_qwk,hfirstALL,joint6_with_inv,32,32,16,95,0.16842105263157894
grandBatch128,joint_ce_on,decoder_non_qwk,hfirstALL,joint6_with_inv,32,INV,9,95,0.09473684210526316
grandBatch128,joint_ce_on,decoder_non_qwk,hfirstALL,joint6_with_inv,INV,00,0,0,
grandBatch128,joint_ce_on,decoder_non_qwk,hfirstALL,joint6_with_inv,INV,11,0,0,
grandBatch128,joint_ce_on,decoder_non_qwk,hfirstALL,joint6_with_inv,INV,12,0,0,
grandBatch128,joint_ce_on,decoder_non_qwk,hfirstALL,joint6_with_inv,INV,21,0,0,
grandBatch128,joint_ce_on,decoder_non_qwk,hfirstALL,joint6_with_inv,INV,22,0,0,
grandBatch128,joint_ce_on,decoder_non_qwk,hfirstALL,joint6_with_inv,INV,32,0,0,
grandBatch128,joint_ce_on,decoder_non_qwk,hfirstALL,joint6_with_inv,INV,INV,0,0,
grandBatch128,joint_ce_on,decoder_non_qwk,hfirstALL_have_bmi,joint6_with_inv,00,00,39,47,0.8297872340425532
grandBatch128,joint_ce_on,decoder_non_qwk,hfirstALL_have_bmi,joint6_with_inv,00,11,0,47,0.0
grandBatch128,joint_ce_on,decoder_non_qwk,hfirstALL_have_bmi,joint6_with_inv,00,12,3,47,0.06382978723404255
grandBatch128,joint_ce_on,decoder_non_qwk,hfirstALL_have_bmi,joint6_with_inv,00,21,0,47,0.0
grandBatch128,joint_ce_on,decoder_non_qwk,hfirstALL_have_bmi,joint6_with_inv,00,22,0,47,0.0
grandBatch128,joint_ce_on,decoder_non_qwk,hfirstALL_have_bmi,joint6_with_inv,00,32,1,47,0.02127659574468085
grandBatch128,joint_ce_on,decoder_non_qwk,hfirstALL_have_bmi,joint6_with_inv,00,INV,4,47,0.0851063829787234
grandBatch128,joint_ce_on,decoder_non_qwk,hfirstALL_have_bmi,joint6_with_inv,11,00,7,7,1.0
grandBatch128,joint_ce_on,decoder_non_qwk,hfirstALL_have_bmi,joint6_with_inv,11,11,0,7,0.0
grandBatch128,joint_ce_on,decoder_non_qwk,hfirstALL_have_bmi,joint6_with_inv,11,12,0,7,0.0
grandBatch128,joint_ce_on,decoder_non_qwk,hfirstALL_have_bmi,joint6_with_inv,11,21,0,7,0.0
grandBatch128,joint_ce_on,decoder_non_qwk,hfirstALL_have_bmi,joint6_with_inv,11,22,0,7,0.0
grandBatch128,joint_ce_on,decoder_non_qwk,hfirstALL_have_bmi,joint6_with_inv,11,32,0,7,0.0
grandBatch128,joint_ce_on,decoder_non_qwk,hfirstALL_have_bmi,joint6_with_inv,11,INV,0,7,0.0
grandBatch128,joint_ce_on,decoder_non_qwk,hfirstALL_have_bmi,joint6_with_inv,12,00,6,11,0.5454545454545454
grandBatch128,joint_ce_on,decoder_non_qwk,hfirstALL_have_bmi,joint6_with_inv,12,11,0,11,0.0
grandBatch128,joint_ce_on,decoder_non_qwk,hfirstALL_have_bmi,joint6_with_inv,12,12,0,11,0.0
grandBatch128,joint_ce_on,decoder_non_qwk,hfirstALL_have_bmi,joint6_with_inv,12,21,0,11,0.0
grandBatch128,joint_ce_on,decoder_non_qwk,hfirstALL_have_bmi,joint6_with_inv,12,22,0,11,0.0
grandBatch128,joint_ce_on,decoder_non_qwk,hfirstALL_have_bmi,joint6_with_inv,12,32,2,11,0.18181818181818182
grandBatch128,joint_ce_on,decoder_non_qwk,hfirstALL_have_bmi,joint6_with_inv,12,INV,3,11,0.2727272727272727
grandBatch128,joint_ce_on,decoder_non_qwk,hfirstALL_have_bmi,joint6_with_inv,21,00,10,11,0.9090909090909091
grandBatch128,joint_ce_on,decoder_non_qwk,hfirstALL_have_bmi,joint6_with_inv,21,11,0,11,0.0
grandBatch128,joint_ce_on,decoder_non_qwk,hfirstALL_have_bmi,joint6_with_inv,21,12,0,11,0.0
grandBatch128,joint_ce_on,decoder_non_qwk,hfirstALL_have_bmi,joint6_with_inv,21,21,0,11,0.0
grandBatch128,joint_ce_on,decoder_non_qwk,hfirstALL_have_bmi,joint6_with_inv,21,22,0,11,0.0
grandBatch128,joint_ce_on,decoder_non_qwk,hfirstALL_have_bmi,joint6_with_inv,21,32,0,11,0.0
grandBatch128,joint_ce_on,decoder_non_qwk,hfirstALL_have_bmi,joint6_with_inv,21,INV,1,11,0.09090909090909091
grandBatch128,joint_ce_on,decoder_non_qwk,hfirstALL_have_bmi,joint6_with_inv,22,00,26,39,0.6666666666666666
grandBatch128,joint_ce_on,decoder_non_qwk,hfirstALL_have_bmi,joint6_with_inv,22,11,0,39,0.0
grandBatch128,joint_ce_on,decoder_non_qwk,hfirstALL_have_bmi,joint6_with_inv,22,12,1,39,0.02564102564102564
grandBatch128,joint_ce_on,decoder_non_qwk,hfirstALL_have_bmi,joint6_with_inv,22,21,0,39,0.0
grandBatch128,joint_ce_on,decoder_non_qwk,hfirstALL_have_bmi,joint6_with_inv,22,22,0,39,0.0
grandBatch128,joint_ce_on,decoder_non_qwk,hfirstALL_have_bmi,joint6_with_inv,22,32,7,39,0.1794871794871795
grandBatch128,joint_ce_on,decoder_non_qwk,hfirstALL_have_bmi,joint6_with_inv,22,INV,5,39,0.1282051282051282
grandBatch128,joint_ce_on,decoder_non_qwk,hfirstALL_have_bmi,joint6_with_inv,32,00,59,88,0.6704545454545454
grandBatch128,joint_ce_on,decoder_non_qwk,hfirstALL_have_bmi,joint6_with_inv,32,11,0,88,0.0
grandBatch128,joint_ce_on,decoder_non_qwk,hfirstALL_have_bmi,joint6_with_inv,32,12,4,88,0.045454545454545456
grandBatch128,joint_ce_on,decoder_non_qwk,hfirstALL_have_bmi,joint6_with_inv,32,21,0,88,0.0
grandBatch128,joint_ce_on,decoder_non_qwk,hfirstALL_have_bmi,joint6_with_inv,32,22,0,88,0.0
grandBatch128,joint_ce_on,decoder_non_qwk,hfirstALL_have_bmi,joint6_with_inv,32,32,16,88,0.18181818181818182
grandBatch128,joint_ce_on,decoder_non_qwk,hfirstALL_have_bmi,joint6_with_inv,32,INV,9,88,0.10227272727272728
grandBatch128,joint_ce_on,decoder_non_qwk,hfirstALL_have_bmi,joint6_with_inv,INV,00,0,0,
grandBatch128,joint_ce_on,decoder_non_qwk,hfirstALL_have_bmi,joint6_with_inv,INV,11,0,0,
grandBatch128,joint_ce_on,decoder_non_qwk,hfirstALL_have_bmi,joint6_with_inv,INV,12,0,0,
grandBatch128,joint_ce_on,decoder_non_qwk,hfirstALL_have_bmi,joint6_with_inv,INV,21,0,0,
grandBatch128,joint_ce_on,decoder_non_qwk,hfirstALL_have_bmi,joint6_with_inv,INV,22,0,0,
grandBatch128,joint_ce_on,decoder_non_qwk,hfirstALL_have_bmi,joint6_with_inv,INV,32,0,0,
grandBatch128,joint_ce_on,decoder_non_qwk,hfirstALL_have_bmi,joint6_with_inv,INV,INV,0,0,
grandBatch128,joint_ce_on,decoder_non_qwk,internal,joint6_with_inv,00,00,1125,1466,0.767394270122783
grandBatch128,joint_ce_on,decoder_non_qwk,internal,joint6_with_inv,00,11,0,1466,0.0
grandBatch128,joint_ce_on,decoder_non_qwk,internal,joint6_with_inv,00,12,63,1466,0.042974079126875855
grandBatch128,joint_ce_on,decoder_non_qwk,internal,joint6_with_inv,00,21,0,1466,0.0
grandBatch128,joint_ce_on,decoder_non_qwk,internal,joint6_with_inv,00,22,0,1466,0.0
grandBatch128,joint_ce_on,decoder_non_qwk,internal,joint6_with_inv,00,32,178,1466,0.12141882673942701
grandBatch128,joint_ce_on,decoder_non_qwk,internal,joint6_with_inv,00,INV,100,1466,0.06821282401091405
grandBatch128,joint_ce_on,decoder_non_qwk,internal,joint6_with_inv,11,00,87,140,0.6214285714285714
grandBatch128,joint_ce_on,decoder_non_qwk,internal,joint6_with_inv,11,11,0,140,0.0
grandBatch128,joint_ce_on,decoder_non_qwk,internal,joint6_with_inv,11,12,5,140,0.03571428571428571
grandBatch128,joint_ce_on,decoder_non_qwk,internal,joint6_with_inv,11,21,0,140,0.0
grandBatch128,joint_ce_on,decoder_non_qwk,internal,joint6_with_inv,11,22,1,140,0.007142857142857143
grandBatch128,joint_ce_on,decoder_non_qwk,internal,joint6_with_inv,11,32,30,140,0.21428571428571427
grandBatch128,joint_ce_on,decoder_non_qwk,internal,joint6_with_inv,11,INV,17,140,0.12142857142857143
grandBatch128,joint_ce_on,decoder_non_qwk,internal,joint6_with_inv,12,00,375,1244,0.30144694533762056
grandBatch128,joint_ce_on,decoder_non_qwk,internal,joint6_with_inv,12,11,0,1244,0.0
grandBatch128,joint_ce_on,decoder_non_qwk,internal,joint6_with_inv,12,12,200,1244,0.1607717041800643
grandBatch128,joint_ce_on,decoder_non_qwk,internal,joint6_with_inv,12,21,0,1244,0.0
grandBatch128,joint_ce_on,decoder_non_qwk,internal,joint6_with_inv,12,22,1,1244,0.0008038585209003215
grandBatch128,joint_ce_on,decoder_non_qwk,internal,joint6_with_inv,12,32,479,1244,0.385048231511254
grandBatch128,joint_ce_on,decoder_non_qwk,internal,joint6_with_inv,12,INV,189,1244,0.15192926045016078
grandBatch128,joint_ce_on,decoder_non_qwk,internal,joint6_with_inv,21,00,30,51,0.5882352941176471
grandBatch128,joint_ce_on,decoder_non_qwk,internal,joint6_with_inv,21,11,0,51,0.0
grandBatch128,joint_ce_on,decoder_non_qwk,internal,joint6_with_inv,21,12,0,51,0.0
grandBatch128,joint_ce_on,decoder_non_qwk,internal,joint6_with_inv,21,21,0,51,0.0
grandBatch128,joint_ce_on,decoder_non_qwk,internal,joint6_with_inv,21,22,0,51,0.0
grandBatch128,joint_ce_on,decoder_non_qwk,internal,joint6_with_inv,21,32,16,51,0.3137254901960784
grandBatch128,joint_ce_on,decoder_non_qwk,internal,joint6_with_inv,21,INV,5,51,0.09803921568627451
grandBatch128,joint_ce_on,decoder_non_qwk,internal,joint6_with_inv,22,00,215,691,0.3111432706222865
grandBatch128,joint_ce_on,decoder_non_qwk,internal,joint6_with_inv,22,11,0,691,0.0
grandBatch128,joint_ce_on,decoder_non_qwk,internal,joint6_with_inv,22,12,78,691,0.11287988422575977
grandBatch128,joint_ce_on,decoder_non_qwk,internal,joint6_with_inv,22,21,0,691,0.0
grandBatch128,joint_ce_on,decoder_non_qwk,internal,joint6_with_inv,22,22,0,691,0.0
grandBatch128,joint_ce_on,decoder_non_qwk,internal,joint6_with_inv,22,32,319,691,0.46164978292329956
grandBatch128,joint_ce_on,decoder_non_qwk,internal,joint6_with_inv,22,INV,79,691,0.11432706222865413
grandBatch128,joint_ce_on,decoder_non_qwk,internal,joint6_with_inv,32,00,76,289,0.2629757785467128
grandBatch128,joint_ce_on,decoder_non_qwk,internal,joint6_with_inv,32,11,0,289,0.0
grandBatch128,joint_ce_on,decoder_non_qwk,internal,joint6_with_inv,32,12,32,289,0.11072664359861592
grandBatch128,joint_ce_on,decoder_non_qwk,internal,joint6_with_inv,32,21,0,289,0.0
grandBatch128,joint_ce_on,decoder_non_qwk,internal,joint6_with_inv,32,22,0,289,0.0
grandBatch128,joint_ce_on,decoder_non_qwk,internal,joint6_with_inv,32,32,143,289,0.49480968858131485
grandBatch128,joint_ce_on,decoder_non_qwk,internal,joint6_with_inv,32,INV,38,289,0.1314878892733564
grandBatch128,joint_ce_on,decoder_non_qwk,internal,joint6_with_inv,INV,00,0,0,
grandBatch128,joint_ce_on,decoder_non_qwk,internal,joint6_with_inv,INV,11,0,0,
grandBatch128,joint_ce_on,decoder_non_qwk,internal,joint6_with_inv,INV,12,0,0,
grandBatch128,joint_ce_on,decoder_non_qwk,internal,joint6_with_inv,INV,21,0,0,
grandBatch128,joint_ce_on,decoder_non_qwk,internal,joint6_with_inv,INV,22,0,0,
grandBatch128,joint_ce_on,decoder_non_qwk,internal,joint6_with_inv,INV,32,0,0,
grandBatch128,joint_ce_on,decoder_non_qwk,internal,joint6_with_inv,INV,INV,0,0,
grandBatch128,joint_ce_on,decoder_temp_ev_macro_f1,handan,joint6_with_inv,00,00,270,419,0.6443914081145584
grandBatch128,joint_ce_on,decoder_temp_ev_macro_f1,handan,joint6_with_inv,00,11,20,419,0.0477326968973747
grandBatch128,joint_ce_on,decoder_temp_ev_macro_f1,handan,joint6_with_inv,00,12,74,419,0.1766109785202864
grandBatch128,joint_ce_on,decoder_temp_ev_macro_f1,handan,joint6_with_inv,00,21,0,419,0.0
grandBatch128,joint_ce_on,decoder_temp_ev_macro_f1,handan,joint6_with_inv,00,22,9,419,0.021479713603818614
grandBatch128,joint_ce_on,decoder_temp_ev_macro_f1,handan,joint6_with_inv,00,32,0,419,0.0
grandBatch128,joint_ce_on,decoder_temp_ev_macro_f1,handan,joint6_with_inv,00,INV,46,419,0.10978520286396182
grandBatch128,joint_ce_on,decoder_temp_ev_macro_f1,handan,joint6_with_inv,11,00,2,2,1.0
grandBatch128,joint_ce_on,decoder_temp_ev_macro_f1,handan,joint6_with_inv,11,11,0,2,0.0
grandBatch128,joint_ce_on,decoder_temp_ev_macro_f1,handan,joint6_with_inv,11,12,0,2,0.0
grandBatch128,joint_ce_on,decoder_temp_ev_macro_f1,handan,joint6_with_inv,11,21,0,2,0.0
grandBatch128,joint_ce_on,decoder_temp_ev_macro_f1,handan,joint6_with_inv,11,22,0,2,0.0
grandBatch128,joint_ce_on,decoder_temp_ev_macro_f1,handan,joint6_with_inv,11,32,0,2,0.0
grandBatch128,joint_ce_on,decoder_temp_ev_macro_f1,handan,joint6_with_inv,11,INV,0,2,0.0
grandBatch128,joint_ce_on,decoder_temp_ev_macro_f1,handan,joint6_with_inv,12,00,0,3,0.0
grandBatch128,joint_ce_on,decoder_temp_ev_macro_f1,handan,joint6_with_inv,12,11,0,3,0.0
grandBatch128,joint_ce_on,decoder_temp_ev_macro_f1,handan,joint6_with_inv,12,12,2,3,0.6666666666666666
grandBatch128,joint_ce_on,decoder_temp_ev_macro_f1,handan,joint6_with_inv,12,21,0,3,0.0
grandBatch128,joint_ce_on,decoder_temp_ev_macro_f1,handan,joint6_with_inv,12,22,0,3,0.0
grandBatch128,joint_ce_on,decoder_temp_ev_macro_f1,handan,joint6_with_inv,12,32,0,3,0.0
grandBatch128,joint_ce_on,decoder_temp_ev_macro_f1,handan,joint6_with_inv,12,INV,1,3,0.3333333333333333
grandBatch128,joint_ce_on,decoder_temp_ev_macro_f1,handan,joint6_with_inv,21,00,1,1,1.0
grandBatch128,joint_ce_on,decoder_temp_ev_macro_f1,handan,joint6_with_inv,21,11,0,1,0.0
grandBatch128,joint_ce_on,decoder_temp_ev_macro_f1,handan,joint6_with_inv,21,12,0,1,0.0
grandBatch128,joint_ce_on,decoder_temp_ev_macro_f1,handan,joint6_with_inv,21,21,0,1,0.0
grandBatch128,joint_ce_on,decoder_temp_ev_macro_f1,handan,joint6_with_inv,21,22,0,1,0.0
grandBatch128,joint_ce_on,decoder_temp_ev_macro_f1,handan,joint6_with_inv,21,32,0,1,0.0
grandBatch128,joint_ce_on,decoder_temp_ev_macro_f1,handan,joint6_with_inv,21,INV,0,1,0.0
grandBatch128,joint_ce_on,decoder_temp_ev_macro_f1,handan,joint6_with_inv,22,00,10,45,0.2222222222222222
grandBatch128,joint_ce_on,decoder_temp_ev_macro_f1,handan,joint6_with_inv,22,11,5,45,0.1111111111111111
grandBatch128,joint_ce_on,decoder_temp_ev_macro_f1,handan,joint6_with_inv,22,12,23,45,0.5111111111111111
grandBatch128,joint_ce_on,decoder_temp_ev_macro_f1,handan,joint6_with_inv,22,21,0,45,0.0
grandBatch128,joint_ce_on,decoder_temp_ev_macro_f1,handan,joint6_with_inv,22,22,2,45,0.044444444444444446
grandBatch128,joint_ce_on,decoder_temp_ev_macro_f1,handan,joint6_with_inv,22,32,0,45,0.0
grandBatch128,joint_ce_on,decoder_temp_ev_macro_f1,handan,joint6_with_inv,22,INV,5,45,0.1111111111111111
grandBatch128,joint_ce_on,decoder_temp_ev_macro_f1,handan,joint6_with_inv,32,00,12,36,0.3333333333333333
grandBatch128,joint_ce_on,decoder_temp_ev_macro_f1,handan,joint6_with_inv,32,11,2,36,0.05555555555555555
grandBatch128,joint_ce_on,decoder_temp_ev_macro_f1,handan,joint6_with_inv,32,12,16,36,0.4444444444444444
grandBatch128,joint_ce_on,decoder_temp_ev_macro_f1,handan,joint6_with_inv,32,21,0,36,0.0
grandBatch128,joint_ce_on,decoder_temp_ev_macro_f1,handan,joint6_with_inv,32,22,0,36,0.0
grandBatch128,joint_ce_on,decoder_temp_ev_macro_f1,handan,joint6_with_inv,32,32,0,36,0.0
grandBatch128,joint_ce_on,decoder_temp_ev_macro_f1,handan,joint6_with_inv,32,INV,6,36,0.16666666666666666
grandBatch128,joint_ce_on,decoder_temp_ev_macro_f1,handan,joint6_with_inv,INV,00,0,0,
grandBatch128,joint_ce_on,decoder_temp_ev_macro_f1,handan,joint6_with_inv,INV,11,0,0,
grandBatch128,joint_ce_on,decoder_temp_ev_macro_f1,handan,joint6_with_inv,INV,12,0,0,
grandBatch128,joint_ce_on,decoder_temp_ev_macro_f1,handan,joint6_with_inv,INV,21,0,0,
grandBatch128,joint_ce_on,decoder_temp_ev_macro_f1,handan,joint6_with_inv,INV,22,0,0,
grandBatch128,joint_ce_on,decoder_temp_ev_macro_f1,handan,joint6_with_inv,INV,32,0,0,
grandBatch128,joint_ce_on,decoder_temp_ev_macro_f1,handan,joint6_with_inv,INV,INV,0,0,
grandBatch128,joint_ce_on,decoder_temp_ev_macro_f1,handan_have_bmi,joint6_with_inv,00,00,228,368,0.6195652173913043
grandBatch128,joint_ce_on,decoder_temp_ev_macro_f1,handan_have_bmi,joint6_with_inv,00,11,19,368,0.051630434782608696
grandBatch128,joint_ce_on,decoder_temp_ev_macro_f1,handan_have_bmi,joint6_with_inv,00,12,71,368,0.19293478260869565
grandBatch128,joint_ce_on,decoder_temp_ev_macro_f1,handan_have_bmi,joint6_with_inv,00,21,0,368,0.0
grandBatch128,joint_ce_on,decoder_temp_ev_macro_f1,handan_have_bmi,joint6_with_inv,00,22,9,368,0.024456521739130436
grandBatch128,joint_ce_on,decoder_temp_ev_macro_f1,handan_have_bmi,joint6_with_inv,00,32,0,368,0.0
grandBatch128,joint_ce_on,decoder_temp_ev_macro_f1,handan_have_bmi,joint6_with_inv,00,INV,41,368,0.11141304347826086
grandBatch128,joint_ce_on,decoder_temp_ev_macro_f1,handan_have_bmi,joint6_with_inv,11,00,2,2,1.0
grandBatch128,joint_ce_on,decoder_temp_ev_macro_f1,handan_have_bmi,joint6_with_inv,11,11,0,2,0.0
grandBatch128,joint_ce_on,decoder_temp_ev_macro_f1,handan_have_bmi,joint6_with_inv,11,12,0,2,0.0
grandBatch128,joint_ce_on,decoder_temp_ev_macro_f1,handan_have_bmi,joint6_with_inv,11,21,0,2,0.0
grandBatch128,joint_ce_on,decoder_temp_ev_macro_f1,handan_have_bmi,joint6_with_inv,11,22,0,2,0.0
grandBatch128,joint_ce_on,decoder_temp_ev_macro_f1,handan_have_bmi,joint6_with_inv,11,32,0,2,0.0
grandBatch128,joint_ce_on,decoder_temp_ev_macro_f1,handan_have_bmi,joint6_with_inv,11,INV,0,2,0.0
grandBatch128,joint_ce_on,decoder_temp_ev_macro_f1,handan_have_bmi,joint6_with_inv,12,00,0,3,0.0
grandBatch128,joint_ce_on,decoder_temp_ev_macro_f1,handan_have_bmi,joint6_with_inv,12,11,0,3,0.0
grandBatch128,joint_ce_on,decoder_temp_ev_macro_f1,handan_have_bmi,joint6_with_inv,12,12,2,3,0.6666666666666666
grandBatch128,joint_ce_on,decoder_temp_ev_macro_f1,handan_have_bmi,joint6_with_inv,12,21,0,3,0.0
grandBatch128,joint_ce_on,decoder_temp_ev_macro_f1,handan_have_bmi,joint6_with_inv,12,22,0,3,0.0
grandBatch128,joint_ce_on,decoder_temp_ev_macro_f1,handan_have_bmi,joint6_with_inv,12,32,0,3,0.0
grandBatch128,joint_ce_on,decoder_temp_ev_macro_f1,handan_have_bmi,joint6_with_inv,12,INV,1,3,0.3333333333333333
grandBatch128,joint_ce_on,decoder_temp_ev_macro_f1,handan_have_bmi,joint6_with_inv,21,00,1,1,1.0
grandBatch128,joint_ce_on,decoder_temp_ev_macro_f1,handan_have_bmi,joint6_with_inv,21,11,0,1,0.0
grandBatch128,joint_ce_on,decoder_temp_ev_macro_f1,handan_have_bmi,joint6_with_inv,21,12,0,1,0.0
grandBatch128,joint_ce_on,decoder_temp_ev_macro_f1,handan_have_bmi,joint6_with_inv,21,21,0,1,0.0
grandBatch128,joint_ce_on,decoder_temp_ev_macro_f1,handan_have_bmi,joint6_with_inv,21,22,0,1,0.0
grandBatch128,joint_ce_on,decoder_temp_ev_macro_f1,handan_have_bmi,joint6_with_inv,21,32,0,1,0.0
grandBatch128,joint_ce_on,decoder_temp_ev_macro_f1,handan_have_bmi,joint6_with_inv,21,INV,0,1,0.0
grandBatch128,joint_ce_on,decoder_temp_ev_macro_f1,handan_have_bmi,joint6_with_inv,22,00,8,41,0.1951219512195122
grandBatch128,joint_ce_on,decoder_temp_ev_macro_f1,handan_have_bmi,joint6_with_inv,22,11,4,41,0.0975609756097561
grandBatch128,joint_ce_on,decoder_temp_ev_macro_f1,handan_have_bmi,joint6_with_inv,22,12,22,41,0.5365853658536586
grandBatch128,joint_ce_on,decoder_temp_ev_macro_f1,handan_have_bmi,joint6_with_inv,22,21,0,41,0.0
grandBatch128,joint_ce_on,decoder_temp_ev_macro_f1,handan_have_bmi,joint6_with_inv,22,22,2,41,0.04878048780487805
grandBatch128,joint_ce_on,decoder_temp_ev_macro_f1,handan_have_bmi,joint6_with_inv,22,32,0,41,0.0
grandBatch128,joint_ce_on,decoder_temp_ev_macro_f1,handan_have_bmi,joint6_with_inv,22,INV,5,41,0.12195121951219512
grandBatch128,joint_ce_on,decoder_temp_ev_macro_f1,handan_have_bmi,joint6_with_inv,32,00,9,31,0.2903225806451613
grandBatch128,joint_ce_on,decoder_temp_ev_macro_f1,handan_have_bmi,joint6_with_inv,32,11,1,31,0.03225806451612903
grandBatch128,joint_ce_on,decoder_temp_ev_macro_f1,handan_have_bmi,joint6_with_inv,32,12,16,31,0.5161290322580645
grandBatch128,joint_ce_on,decoder_temp_ev_macro_f1,handan_have_bmi,joint6_with_inv,32,21,0,31,0.0
grandBatch128,joint_ce_on,decoder_temp_ev_macro_f1,handan_have_bmi,joint6_with_inv,32,22,0,31,0.0
grandBatch128,joint_ce_on,decoder_temp_ev_macro_f1,handan_have_bmi,joint6_with_inv,32,32,0,31,0.0
grandBatch128,joint_ce_on,decoder_temp_ev_macro_f1,handan_have_bmi,joint6_with_inv,32,INV,5,31,0.16129032258064516
grandBatch128,joint_ce_on,decoder_temp_ev_macro_f1,handan_have_bmi,joint6_with_inv,INV,00,0,0,
grandBatch128,joint_ce_on,decoder_temp_ev_macro_f1,handan_have_bmi,joint6_with_inv,INV,11,0,0,
grandBatch128,joint_ce_on,decoder_temp_ev_macro_f1,handan_have_bmi,joint6_with_inv,INV,12,0,0,
grandBatch128,joint_ce_on,decoder_temp_ev_macro_f1,handan_have_bmi,joint6_with_inv,INV,21,0,0,
grandBatch128,joint_ce_on,decoder_temp_ev_macro_f1,handan_have_bmi,joint6_with_inv,INV,22,0,0,
grandBatch128,joint_ce_on,decoder_temp_ev_macro_f1,handan_have_bmi,joint6_with_inv,INV,32,0,0,
grandBatch128,joint_ce_on,decoder_temp_ev_macro_f1,handan_have_bmi,joint6_with_inv,INV,INV,0,0,
grandBatch128,joint_ce_on,decoder_temp_ev_macro_f1,hebei,joint6_with_inv,00,00,154,154,1.0
grandBatch128,joint_ce_on,decoder_temp_ev_macro_f1,hebei,joint6_with_inv,00,11,0,154,0.0
grandBatch128,joint_ce_on,decoder_temp_ev_macro_f1,hebei,joint6_with_inv,00,12,0,154,0.0
grandBatch128,joint_ce_on,decoder_temp_ev_macro_f1,hebei,joint6_with_inv,00,21,0,154,0.0
grandBatch128,joint_ce_on,decoder_temp_ev_macro_f1,hebei,joint6_with_inv,00,22,0,154,0.0
grandBatch128,joint_ce_on,decoder_temp_ev_macro_f1,hebei,joint6_with_inv,00,32,0,154,0.0
grandBatch128,joint_ce_on,decoder_temp_ev_macro_f1,hebei,joint6_with_inv,00,INV,0,154,0.0
grandBatch128,joint_ce_on,decoder_temp_ev_macro_f1,hebei,joint6_with_inv,11,00,7,11,0.6363636363636364
grandBatch128,joint_ce_on,decoder_temp_ev_macro_f1,hebei,joint6_with_inv,11,11,1,11,0.09090909090909091
grandBatch128,joint_ce_on,decoder_temp_ev_macro_f1,hebei,joint6_with_inv,11,12,2,11,0.18181818181818182
grandBatch128,joint_ce_on,decoder_temp_ev_macro_f1,hebei,joint6_with_inv,11,21,0,11,0.0
grandBatch128,joint_ce_on,decoder_temp_ev_macro_f1,hebei,joint6_with_inv,11,22,0,11,0.0
grandBatch128,joint_ce_on,decoder_temp_ev_macro_f1,hebei,joint6_with_inv,11,32,0,11,0.0
grandBatch128,joint_ce_on,decoder_temp_ev_macro_f1,hebei,joint6_with_inv,11,INV,1,11,0.09090909090909091
grandBatch128,joint_ce_on,decoder_temp_ev_macro_f1,hebei,joint6_with_inv,12,00,6,13,0.46153846153846156
grandBatch128,joint_ce_on,decoder_temp_ev_macro_f1,hebei,joint6_with_inv,12,11,2,13,0.15384615384615385
grandBatch128,joint_ce_on,decoder_temp_ev_macro_f1,hebei,joint6_with_inv,12,12,3,13,0.23076923076923078
grandBatch128,joint_ce_on,decoder_temp_ev_macro_f1,hebei,joint6_with_inv,12,21,0,13,0.0
grandBatch128,joint_ce_on,decoder_temp_ev_macro_f1,hebei,joint6_with_inv,12,22,0,13,0.0
grandBatch128,joint_ce_on,decoder_temp_ev_macro_f1,hebei,joint6_with_inv,12,32,0,13,0.0
grandBatch128,joint_ce_on,decoder_temp_ev_macro_f1,hebei,joint6_with_inv,12,INV,2,13,0.15384615384615385
grandBatch128,joint_ce_on,decoder_temp_ev_macro_f1,hebei,joint6_with_inv,21,00,0,1,0.0
grandBatch128,joint_ce_on,decoder_temp_ev_macro_f1,hebei,joint6_with_inv,21,11,1,1,1.0
grandBatch128,joint_ce_on,decoder_temp_ev_macro_f1,hebei,joint6_with_inv,21,12,0,1,0.0
grandBatch128,joint_ce_on,decoder_temp_ev_macro_f1,hebei,joint6_with_inv,21,21,0,1,0.0
grandBatch128,joint_ce_on,decoder_temp_ev_macro_f1,hebei,joint6_with_inv,21,22,0,1,0.0
grandBatch128,joint_ce_on,decoder_temp_ev_macro_f1,hebei,joint6_with_inv,21,32,0,1,0.0
grandBatch128,joint_ce_on,decoder_temp_ev_macro_f1,hebei,joint6_with_inv,21,INV,0,1,0.0
grandBatch128,joint_ce_on,decoder_temp_ev_macro_f1,hebei,joint6_with_inv,22,00,4,16,0.25
grandBatch128,joint_ce_on,decoder_temp_ev_macro_f1,hebei,joint6_with_inv,22,11,4,16,0.25
grandBatch128,joint_ce_on,decoder_temp_ev_macro_f1,hebei,joint6_with_inv,22,12,7,16,0.4375
grandBatch128,joint_ce_on,decoder_temp_ev_macro_f1,hebei,joint6_with_inv,22,21,0,16,0.0
grandBatch128,joint_ce_on,decoder_temp_ev_macro_f1,hebei,joint6_with_inv,22,22,0,16,0.0
grandBatch128,joint_ce_on,decoder_temp_ev_macro_f1,hebei,joint6_with_inv,22,32,0,16,0.0
grandBatch128,joint_ce_on,decoder_temp_ev_macro_f1,hebei,joint6_with_inv,22,INV,1,16,0.0625
grandBatch128,joint_ce_on,decoder_temp_ev_macro_f1,hebei,joint6_with_inv,32,00,0,5,0.0
grandBatch128,joint_ce_on,decoder_temp_ev_macro_f1,hebei,joint6_with_inv,32,11,0,5,0.0
grandBatch128,joint_ce_on,decoder_temp_ev_macro_f1,hebei,joint6_with_inv,32,12,4,5,0.8
grandBatch128,joint_ce_on,decoder_temp_ev_macro_f1,hebei,joint6_with_inv,32,21,0,5,0.0
grandBatch128,joint_ce_on,decoder_temp_ev_macro_f1,hebei,joint6_with_inv,32,22,0,5,0.0
grandBatch128,joint_ce_on,decoder_temp_ev_macro_f1,hebei,joint6_with_inv,32,32,0,5,0.0
grandBatch128,joint_ce_on,decoder_temp_ev_macro_f1,hebei,joint6_with_inv,32,INV,1,5,0.2
grandBatch128,joint_ce_on,decoder_temp_ev_macro_f1,hebei,joint6_with_inv,INV,00,0,0,
grandBatch128,joint_ce_on,decoder_temp_ev_macro_f1,hebei,joint6_with_inv,INV,11,0,0,
grandBatch128,joint_ce_on,decoder_temp_ev_macro_f1,hebei,joint6_with_inv,INV,12,0,0,
grandBatch128,joint_ce_on,decoder_temp_ev_macro_f1,hebei,joint6_with_inv,INV,21,0,0,
grandBatch128,joint_ce_on,decoder_temp_ev_macro_f1,hebei,joint6_with_inv,INV,22,0,0,
grandBatch128,joint_ce_on,decoder_temp_ev_macro_f1,hebei,joint6_with_inv,INV,32,0,0,
grandBatch128,joint_ce_on,decoder_temp_ev_macro_f1,hebei,joint6_with_inv,INV,INV,0,0,
grandBatch128,joint_ce_on,decoder_temp_ev_macro_f1,hfirstALL,joint6_with_inv,00,00,31,51,0.6078431372549019
grandBatch128,joint_ce_on,decoder_temp_ev_macro_f1,hfirstALL,joint6_with_inv,00,11,2,51,0.0392156862745098
grandBatch128,joint_ce_on,decoder_temp_ev_macro_f1,hfirstALL,joint6_with_inv,00,12,11,51,0.21568627450980393
grandBatch128,joint_ce_on,decoder_temp_ev_macro_f1,hfirstALL,joint6_with_inv,00,21,0,51,0.0
grandBatch128,joint_ce_on,decoder_temp_ev_macro_f1,hfirstALL,joint6_with_inv,00,22,1,51,0.0196078431372549
grandBatch128,joint_ce_on,decoder_temp_ev_macro_f1,hfirstALL,joint6_with_inv,00,32,0,51,0.0
grandBatch128,joint_ce_on,decoder_temp_ev_macro_f1,hfirstALL,joint6_with_inv,00,INV,6,51,0.11764705882352941
grandBatch128,joint_ce_on,decoder_temp_ev_macro_f1,hfirstALL,joint6_with_inv,11,00,8,8,1.0
grandBatch128,joint_ce_on,decoder_temp_ev_macro_f1,hfirstALL,joint6_with_inv,11,11,0,8,0.0
grandBatch128,joint_ce_on,decoder_temp_ev_macro_f1,hfirstALL,joint6_with_inv,11,12,0,8,0.0
grandBatch128,joint_ce_on,decoder_temp_ev_macro_f1,hfirstALL,joint6_with_inv,11,21,0,8,0.0
grandBatch128,joint_ce_on,decoder_temp_ev_macro_f1,hfirstALL,joint6_with_inv,11,22,0,8,0.0
grandBatch128,joint_ce_on,decoder_temp_ev_macro_f1,hfirstALL,joint6_with_inv,11,32,0,8,0.0
grandBatch128,joint_ce_on,decoder_temp_ev_macro_f1,hfirstALL,joint6_with_inv,11,INV,0,8,0.0
grandBatch128,joint_ce_on,decoder_temp_ev_macro_f1,hfirstALL,joint6_with_inv,12,00,3,11,0.2727272727272727
grandBatch128,joint_ce_on,decoder_temp_ev_macro_f1,hfirstALL,joint6_with_inv,12,11,1,11,0.09090909090909091
grandBatch128,joint_ce_on,decoder_temp_ev_macro_f1,hfirstALL,joint6_with_inv,12,12,5,11,0.45454545454545453
grandBatch128,joint_ce_on,decoder_temp_ev_macro_f1,hfirstALL,joint6_with_inv,12,21,0,11,0.0
grandBatch128,joint_ce_on,decoder_temp_ev_macro_f1,hfirstALL,joint6_with_inv,12,22,1,11,0.09090909090909091
grandBatch128,joint_ce_on,decoder_temp_ev_macro_f1,hfirstALL,joint6_with_inv,12,32,0,11,0.0
grandBatch128,joint_ce_on,decoder_temp_ev_macro_f1,hfirstALL,joint6_with_inv,12,INV,1,11,0.09090909090909091
grandBatch128,joint_ce_on,decoder_temp_ev_macro_f1,hfirstALL,joint6_with_inv,21,00,8,12,0.6666666666666666
grandBatch128,joint_ce_on,decoder_temp_ev_macro_f1,hfirstALL,joint6_with_inv,21,11,2,12,0.16666666666666666
grandBatch128,joint_ce_on,decoder_temp_ev_macro_f1,hfirstALL,joint6_with_inv,21,12,2,12,0.16666666666666666
grandBatch128,joint_ce_on,decoder_temp_ev_macro_f1,hfirstALL,joint6_with_inv,21,21,0,12,0.0
grandBatch128,joint_ce_on,decoder_temp_ev_macro_f1,hfirstALL,joint6_with_inv,21,22,0,12,0.0
grandBatch128,joint_ce_on,decoder_temp_ev_macro_f1,hfirstALL,joint6_with_inv,21,32,0,12,0.0
grandBatch128,joint_ce_on,decoder_temp_ev_macro_f1,hfirstALL,joint6_with_inv,21,INV,0,12,0.0
grandBatch128,joint_ce_on,decoder_temp_ev_macro_f1,hfirstALL,joint6_with_inv,22,00,19,44,0.4318181818181818
grandBatch128,joint_ce_on,decoder_temp_ev_macro_f1,hfirstALL,joint6_with_inv,22,11,4,44,0.09090909090909091
grandBatch128,joint_ce_on,decoder_temp_ev_macro_f1,hfirstALL,joint6_with_inv,22,12,15,44,0.3409090909090909
grandBatch128,joint_ce_on,decoder_temp_ev_macro_f1,hfirstALL,joint6_with_inv,22,21,0,44,0.0
grandBatch128,joint_ce_on,decoder_temp_ev_macro_f1,hfirstALL,joint6_with_inv,22,22,5,44,0.11363636363636363
grandBatch128,joint_ce_on,decoder_temp_ev_macro_f1,hfirstALL,joint6_with_inv,22,32,0,44,0.0
grandBatch128,joint_ce_on,decoder_temp_ev_macro_f1,hfirstALL,joint6_with_inv,22,INV,1,44,0.022727272727272728
grandBatch128,joint_ce_on,decoder_temp_ev_macro_f1,hfirstALL,joint6_with_inv,32,00,30,95,0.3157894736842105
grandBatch128,joint_ce_on,decoder_temp_ev_macro_f1,hfirstALL,joint6_with_inv,32,11,10,95,0.10526315789473684
grandBatch128,joint_ce_on,decoder_temp_ev_macro_f1,hfirstALL,joint6_with_inv,32,12,36,95,0.37894736842105264
grandBatch128,joint_ce_on,decoder_temp_ev_macro_f1,hfirstALL,joint6_with_inv,32,21,0,95,0.0
grandBatch128,joint_ce_on,decoder_temp_ev_macro_f1,hfirstALL,joint6_with_inv,32,22,5,95,0.05263157894736842
grandBatch128,joint_ce_on,decoder_temp_ev_macro_f1,hfirstALL,joint6_with_inv,32,32,1,95,0.010526315789473684
grandBatch128,joint_ce_on,decoder_temp_ev_macro_f1,hfirstALL,joint6_with_inv,32,INV,13,95,0.1368421052631579
grandBatch128,joint_ce_on,decoder_temp_ev_macro_f1,hfirstALL,joint6_with_inv,INV,00,0,0,
grandBatch128,joint_ce_on,decoder_temp_ev_macro_f1,hfirstALL,joint6_with_inv,INV,11,0,0,
grandBatch128,joint_ce_on,decoder_temp_ev_macro_f1,hfirstALL,joint6_with_inv,INV,12,0,0,
grandBatch128,joint_ce_on,decoder_temp_ev_macro_f1,hfirstALL,joint6_with_inv,INV,21,0,0,
grandBatch128,joint_ce_on,decoder_temp_ev_macro_f1,hfirstALL,joint6_with_inv,INV,22,0,0,
grandBatch128,joint_ce_on,decoder_temp_ev_macro_f1,hfirstALL,joint6_with_inv,INV,32,0,0,
grandBatch128,joint_ce_on,decoder_temp_ev_macro_f1,hfirstALL,joint6_with_inv,INV,INV,0,0,
grandBatch128,joint_ce_on,decoder_temp_ev_macro_f1,hfirstALL_have_bmi,joint6_with_inv,00,00,27,47,0.574468085106383
grandBatch128,joint_ce_on,decoder_temp_ev_macro_f1,hfirstALL_have_bmi,joint6_with_inv,00,11,2,47,0.0425531914893617
grandBatch128,joint_ce_on,decoder_temp_ev_macro_f1,hfirstALL_have_bmi,joint6_with_inv,00,12,11,47,0.23404255319148937
grandBatch128,joint_ce_on,decoder_temp_ev_macro_f1,hfirstALL_have_bmi,joint6_with_inv,00,21,0,47,0.0
grandBatch128,joint_ce_on,decoder_temp_ev_macro_f1,hfirstALL_have_bmi,joint6_with_inv,00,22,1,47,0.02127659574468085
grandBatch128,joint_ce_on,decoder_temp_ev_macro_f1,hfirstALL_have_bmi,joint6_with_inv,00,32,0,47,0.0
grandBatch128,joint_ce_on,decoder_temp_ev_macro_f1,hfirstALL_have_bmi,joint6_with_inv,00,INV,6,47,0.1276595744680851
grandBatch128,joint_ce_on,decoder_temp_ev_macro_f1,hfirstALL_have_bmi,joint6_with_inv,11,00,7,7,1.0
grandBatch128,joint_ce_on,decoder_temp_ev_macro_f1,hfirstALL_have_bmi,joint6_with_inv,11,11,0,7,0.0
grandBatch128,joint_ce_on,decoder_temp_ev_macro_f1,hfirstALL_have_bmi,joint6_with_inv,11,12,0,7,0.0
grandBatch128,joint_ce_on,decoder_temp_ev_macro_f1,hfirstALL_have_bmi,joint6_with_inv,11,21,0,7,0.0
grandBatch128,joint_ce_on,decoder_temp_ev_macro_f1,hfirstALL_have_bmi,joint6_with_inv,11,22,0,7,0.0
grandBatch128,joint_ce_on,decoder_temp_ev_macro_f1,hfirstALL_have_bmi,joint6_with_inv,11,32,0,7,0.0
grandBatch128,joint_ce_on,decoder_temp_ev_macro_f1,hfirstALL_have_bmi,joint6_with_inv,11,INV,0,7,0.0
grandBatch128,joint_ce_on,decoder_temp_ev_macro_f1,hfirstALL_have_bmi,joint6_with_inv,12,00,3,11,0.2727272727272727
grandBatch128,joint_ce_on,decoder_temp_ev_macro_f1,hfirstALL_have_bmi,joint6_with_inv,12,11,1,11,0.09090909090909091
grandBatch128,joint_ce_on,decoder_temp_ev_macro_f1,hfirstALL_have_bmi,joint6_with_inv,12,12,5,11,0.45454545454545453
grandBatch128,joint_ce_on,decoder_temp_ev_macro_f1,hfirstALL_have_bmi,joint6_with_inv,12,21,0,11,0.0
grandBatch128,joint_ce_on,decoder_temp_ev_macro_f1,hfirstALL_have_bmi,joint6_with_inv,12,22,1,11,0.09090909090909091
grandBatch128,joint_ce_on,decoder_temp_ev_macro_f1,hfirstALL_have_bmi,joint6_with_inv,12,32,0,11,0.0
grandBatch128,joint_ce_on,decoder_temp_ev_macro_f1,hfirstALL_have_bmi,joint6_with_inv,12,INV,1,11,0.09090909090909091
grandBatch128,joint_ce_on,decoder_temp_ev_macro_f1,hfirstALL_have_bmi,joint6_with_inv,21,00,7,11,0.6363636363636364
grandBatch128,joint_ce_on,decoder_temp_ev_macro_f1,hfirstALL_have_bmi,joint6_with_inv,21,11,2,11,0.18181818181818182
grandBatch128,joint_ce_on,decoder_temp_ev_macro_f1,hfirstALL_have_bmi,joint6_with_inv,21,12,2,11,0.18181818181818182
grandBatch128,joint_ce_on,decoder_temp_ev_macro_f1,hfirstALL_have_bmi,joint6_with_inv,21,21,0,11,0.0
grandBatch128,joint_ce_on,decoder_temp_ev_macro_f1,hfirstALL_have_bmi,joint6_with_inv,21,22,0,11,0.0
grandBatch128,joint_ce_on,decoder_temp_ev_macro_f1,hfirstALL_have_bmi,joint6_with_inv,21,32,0,11,0.0
grandBatch128,joint_ce_on,decoder_temp_ev_macro_f1,hfirstALL_have_bmi,joint6_with_inv,21,INV,0,11,0.0
grandBatch128,joint_ce_on,decoder_temp_ev_macro_f1,hfirstALL_have_bmi,joint6_with_inv,22,00,15,39,0.38461538461538464
grandBatch128,joint_ce_on,decoder_temp_ev_macro_f1,hfirstALL_have_bmi,joint6_with_inv,22,11,4,39,0.10256410256410256
grandBatch128,joint_ce_on,decoder_temp_ev_macro_f1,hfirstALL_have_bmi,joint6_with_inv,22,12,14,39,0.358974358974359
grandBatch128,joint_ce_on,decoder_temp_ev_macro_f1,hfirstALL_have_bmi,joint6_with_inv,22,21,0,39,0.0
grandBatch128,joint_ce_on,decoder_temp_ev_macro_f1,hfirstALL_have_bmi,joint6_with_inv,22,22,5,39,0.1282051282051282
grandBatch128,joint_ce_on,decoder_temp_ev_macro_f1,hfirstALL_have_bmi,joint6_with_inv,22,32,0,39,0.0
grandBatch128,joint_ce_on,decoder_temp_ev_macro_f1,hfirstALL_have_bmi,joint6_with_inv,22,INV,1,39,0.02564102564102564
grandBatch128,joint_ce_on,decoder_temp_ev_macro_f1,hfirstALL_have_bmi,joint6_with_inv,32,00,24,88,0.2727272727272727
grandBatch128,joint_ce_on,decoder_temp_ev_macro_f1,hfirstALL_have_bmi,joint6_with_inv,32,11,10,88,0.11363636363636363
grandBatch128,joint_ce_on,decoder_temp_ev_macro_f1,hfirstALL_have_bmi,joint6_with_inv,32,12,36,88,0.4090909090909091
grandBatch128,joint_ce_on,decoder_temp_ev_macro_f1,hfirstALL_have_bmi,joint6_with_inv,32,21,0,88,0.0
grandBatch128,joint_ce_on,decoder_temp_ev_macro_f1,hfirstALL_have_bmi,joint6_with_inv,32,22,5,88,0.056818181818181816
grandBatch128,joint_ce_on,decoder_temp_ev_macro_f1,hfirstALL_have_bmi,joint6_with_inv,32,32,1,88,0.011363636363636364
grandBatch128,joint_ce_on,decoder_temp_ev_macro_f1,hfirstALL_have_bmi,joint6_with_inv,32,INV,12,88,0.13636363636363635
grandBatch128,joint_ce_on,decoder_temp_ev_macro_f1,hfirstALL_have_bmi,joint6_with_inv,INV,00,0,0,
grandBatch128,joint_ce_on,decoder_temp_ev_macro_f1,hfirstALL_have_bmi,joint6_with_inv,INV,11,0,0,
grandBatch128,joint_ce_on,decoder_temp_ev_macro_f1,hfirstALL_have_bmi,joint6_with_inv,INV,12,0,0,
grandBatch128,joint_ce_on,decoder_temp_ev_macro_f1,hfirstALL_have_bmi,joint6_with_inv,INV,21,0,0,
grandBatch128,joint_ce_on,decoder_temp_ev_macro_f1,hfirstALL_have_bmi,joint6_with_inv,INV,22,0,0,
grandBatch128,joint_ce_on,decoder_temp_ev_macro_f1,hfirstALL_have_bmi,joint6_with_inv,INV,32,0,0,
grandBatch128,joint_ce_on,decoder_temp_ev_macro_f1,hfirstALL_have_bmi,joint6_with_inv,INV,INV,0,0,
grandBatch128,joint_ce_on,decoder_temp_ev_macro_f1,internal,joint6_with_inv,00,00,883,1466,0.602319236016371
grandBatch128,joint_ce_on,decoder_temp_ev_macro_f1,internal,joint6_with_inv,00,11,63,1466,0.042974079126875855
grandBatch128,joint_ce_on,decoder_temp_ev_macro_f1,internal,joint6_with_inv,00,12,342,1466,0.23328785811732605
grandBatch128,joint_ce_on,decoder_temp_ev_macro_f1,internal,joint6_with_inv,00,21,0,1466,0.0
grandBatch128,joint_ce_on,decoder_temp_ev_macro_f1,internal,joint6_with_inv,00,22,78,1466,0.05320600272851296
grandBatch128,joint_ce_on,decoder_temp_ev_macro_f1,internal,joint6_with_inv,00,32,19,1466,0.01296043656207367
grandBatch128,joint_ce_on,decoder_temp_ev_macro_f1,internal,joint6_with_inv,00,INV,81,1466,0.05525238744884038
grandBatch128,joint_ce_on,decoder_temp_ev_macro_f1,internal,joint6_with_inv,11,00,52,140,0.37142857142857144
grandBatch128,joint_ce_on,decoder_temp_ev_macro_f1,internal,joint6_with_inv,11,11,9,140,0.06428571428571428
grandBatch128,joint_ce_on,decoder_temp_ev_macro_f1,internal,joint6_with_inv,11,12,60,140,0.42857142857142855
grandBatch128,joint_ce_on,decoder_temp_ev_macro_f1,internal,joint6_with_inv,11,21,0,140,0.0
grandBatch128,joint_ce_on,decoder_temp_ev_macro_f1,internal,joint6_with_inv,11,22,3,140,0.02142857142857143
grandBatch128,joint_ce_on,decoder_temp_ev_macro_f1,internal,joint6_with_inv,11,32,6,140,0.04285714285714286
grandBatch128,joint_ce_on,decoder_temp_ev_macro_f1,internal,joint6_with_inv,11,INV,10,140,0.07142857142857142
grandBatch128,joint_ce_on,decoder_temp_ev_macro_f1,internal,joint6_with_inv,12,00,125,1244,0.10048231511254019
grandBatch128,joint_ce_on,decoder_temp_ev_macro_f1,internal,joint6_with_inv,12,11,66,1244,0.05305466237942122
grandBatch128,joint_ce_on,decoder_temp_ev_macro_f1,internal,joint6_with_inv,12,12,693,1244,0.5570739549839229
grandBatch128,joint_ce_on,decoder_temp_ev_macro_f1,internal,joint6_with_inv,12,21,0,1244,0.0
grandBatch128,joint_ce_on,decoder_temp_ev_macro_f1,internal,joint6_with_inv,12,22,208,1244,0.16720257234726688
grandBatch128,joint_ce_on,decoder_temp_ev_macro_f1,internal,joint6_with_inv,12,32,82,1244,0.06591639871382636
grandBatch128,joint_ce_on,decoder_temp_ev_macro_f1,internal,joint6_with_inv,12,INV,70,1244,0.05627009646302251
grandBatch128,joint_ce_on,decoder_temp_ev_macro_f1,internal,joint6_with_inv,21,00,15,51,0.29411764705882354
grandBatch128,joint_ce_on,decoder_temp_ev_macro_f1,internal,joint6_with_inv,21,11,6,51,0.11764705882352941
grandBatch128,joint_ce_on,decoder_temp_ev_macro_f1,internal,joint6_with_inv,21,12,23,51,0.45098039215686275
grandBatch128,joint_ce_on,decoder_temp_ev_macro_f1,internal,joint6_with_inv,21,21,0,51,0.0
grandBatch128,joint_ce_on,decoder_temp_ev_macro_f1,internal,joint6_with_inv,21,22,4,51,0.0784313725490196
grandBatch128,joint_ce_on,decoder_temp_ev_macro_f1,internal,joint6_with_inv,21,32,0,51,0.0
grandBatch128,joint_ce_on,decoder_temp_ev_macro_f1,internal,joint6_with_inv,21,INV,3,51,0.058823529411764705
grandBatch128,joint_ce_on,decoder_temp_ev_macro_f1,internal,joint6_with_inv,22,00,96,691,0.1389290882778582
grandBatch128,joint_ce_on,decoder_temp_ev_macro_f1,internal,joint6_with_inv,22,11,28,691,0.04052098408104197
grandBatch128,joint_ce_on,decoder_temp_ev_macro_f1,internal,joint6_with_inv,22,12,342,691,0.49493487698986977
grandBatch128,joint_ce_on,decoder_temp_ev_macro_f1,internal,joint6_with_inv,22,21,0,691,0.0
grandBatch128,joint_ce_on,decoder_temp_ev_macro_f1,internal,joint6_with_inv,22,22,129,691,0.18668596237337193
grandBatch128,joint_ce_on,decoder_temp_ev_macro_f1,internal,joint6_with_inv,22,32,65,691,0.09406657018813314
grandBatch128,joint_ce_on,decoder_temp_ev_macro_f1,internal,joint6_with_inv,22,INV,31,691,0.04486251808972504
grandBatch128,joint_ce_on,decoder_temp_ev_macro_f1,internal,joint6_with_inv,32,00,37,289,0.12802768166089964
grandBatch128,joint_ce_on,decoder_temp_ev_macro_f1,internal,joint6_with_inv,32,11,11,289,0.03806228373702422
grandBatch128,joint_ce_on,decoder_temp_ev_macro_f1,internal,joint6_with_inv,32,12,141,289,0.48788927335640137
grandBatch128,joint_ce_on,decoder_temp_ev_macro_f1,internal,joint6_with_inv,32,21,0,289,0.0
grandBatch128,joint_ce_on,decoder_temp_ev_macro_f1,internal,joint6_with_inv,32,22,53,289,0.18339100346020762
grandBatch128,joint_ce_on,decoder_temp_ev_macro_f1,internal,joint6_with_inv,32,32,41,289,0.14186851211072665
grandBatch128,joint_ce_on,decoder_temp_ev_macro_f1,internal,joint6_with_inv,32,INV,6,289,0.020761245674740483
grandBatch128,joint_ce_on,decoder_temp_ev_macro_f1,internal,joint6_with_inv,INV,00,0,0,
grandBatch128,joint_ce_on,decoder_temp_ev_macro_f1,internal,joint6_with_inv,INV,11,0,0,
grandBatch128,joint_ce_on,decoder_temp_ev_macro_f1,internal,joint6_with_inv,INV,12,0,0,
grandBatch128,joint_ce_on,decoder_temp_ev_macro_f1,internal,joint6_with_inv,INV,21,0,0,
grandBatch128,joint_ce_on,decoder_temp_ev_macro_f1,internal,joint6_with_inv,INV,22,0,0,
grandBatch128,joint_ce_on,decoder_temp_ev_macro_f1,internal,joint6_with_inv,INV,32,0,0,
grandBatch128,joint_ce_on,decoder_temp_ev_macro_f1,internal,joint6_with_inv,INV,INV,0,0,
grandBatch128,joint_ce_on,decoder_temp_threshold_composite,handan,joint6_with_inv,00,00,164,419,0.3914081145584726
grandBatch128,joint_ce_on,decoder_temp_threshold_composite,handan,joint6_with_inv,00,11,170,419,0.40572792362768495
grandBatch128,joint_ce_on,decoder_temp_threshold_composite,handan,joint6_with_inv,00,12,4,419,0.00954653937947494
grandBatch128,joint_ce_on,decoder_temp_threshold_composite,handan,joint6_with_inv,00,21,3,419,0.007159904534606206
grandBatch128,joint_ce_on,decoder_temp_threshold_composite,handan,joint6_with_inv,00,22,15,419,0.03579952267303103
grandBatch128,joint_ce_on,decoder_temp_threshold_composite,handan,joint6_with_inv,00,32,0,419,0.0
grandBatch128,joint_ce_on,decoder_temp_threshold_composite,handan,joint6_with_inv,00,INV,63,419,0.15035799522673032
grandBatch128,joint_ce_on,decoder_temp_threshold_composite,handan,joint6_with_inv,11,00,0,2,0.0
grandBatch128,joint_ce_on,decoder_temp_threshold_composite,handan,joint6_with_inv,11,11,1,2,0.5
grandBatch128,joint_ce_on,decoder_temp_threshold_composite,handan,joint6_with_inv,11,12,0,2,0.0
grandBatch128,joint_ce_on,decoder_temp_threshold_composite,handan,joint6_with_inv,11,21,0,2,0.0
grandBatch128,joint_ce_on,decoder_temp_threshold_composite,handan,joint6_with_inv,11,22,0,2,0.0
grandBatch128,joint_ce_on,decoder_temp_threshold_composite,handan,joint6_with_inv,11,32,0,2,0.0
grandBatch128,joint_ce_on,decoder_temp_threshold_composite,handan,joint6_with_inv,11,INV,1,2,0.5
grandBatch128,joint_ce_on,decoder_temp_threshold_composite,handan,joint6_with_inv,12,00,0,3,0.0
grandBatch128,joint_ce_on,decoder_temp_threshold_composite,handan,joint6_with_inv,12,11,2,3,0.6666666666666666
grandBatch128,joint_ce_on,decoder_temp_threshold_composite,handan,joint6_with_inv,12,12,1,3,0.3333333333333333
grandBatch128,joint_ce_on,decoder_temp_threshold_composite,handan,joint6_with_inv,12,21,0,3,0.0
grandBatch128,joint_ce_on,decoder_temp_threshold_composite,handan,joint6_with_inv,12,22,0,3,0.0
grandBatch128,joint_ce_on,decoder_temp_threshold_composite,handan,joint6_with_inv,12,32,0,3,0.0
grandBatch128,joint_ce_on,decoder_temp_threshold_composite,handan,joint6_with_inv,12,INV,0,3,0.0
grandBatch128,joint_ce_on,decoder_temp_threshold_composite,handan,joint6_with_inv,21,00,1,1,1.0
grandBatch128,joint_ce_on,decoder_temp_threshold_composite,handan,joint6_with_inv,21,11,0,1,0.0
grandBatch128,joint_ce_on,decoder_temp_threshold_composite,handan,joint6_with_inv,21,12,0,1,0.0
grandBatch128,joint_ce_on,decoder_temp_threshold_composite,handan,joint6_with_inv,21,21,0,1,0.0
grandBatch128,joint_ce_on,decoder_temp_threshold_composite,handan,joint6_with_inv,21,22,0,1,0.0
grandBatch128,joint_ce_on,decoder_temp_threshold_composite,handan,joint6_with_inv,21,32,0,1,0.0
grandBatch128,joint_ce_on,decoder_temp_threshold_composite,handan,joint6_with_inv,21,INV,0,1,0.0
grandBatch128,joint_ce_on,decoder_temp_threshold_composite,handan,joint6_with_inv,22,00,4,45,0.08888888888888889
grandBatch128,joint_ce_on,decoder_temp_threshold_composite,handan,joint6_with_inv,22,11,33,45,0.7333333333333333
grandBatch128,joint_ce_on,decoder_temp_threshold_composite,handan,joint6_with_inv,22,12,0,45,0.0
grandBatch128,joint_ce_on,decoder_temp_threshold_composite,handan,joint6_with_inv,22,21,0,45,0.0
grandBatch128,joint_ce_on,decoder_temp_threshold_composite,handan,joint6_with_inv,22,22,5,45,0.1111111111111111
grandBatch128,joint_ce_on,decoder_temp_threshold_composite,handan,joint6_with_inv,22,32,0,45,0.0
grandBatch128,joint_ce_on,decoder_temp_threshold_composite,handan,joint6_with_inv,22,INV,3,45,0.06666666666666667
grandBatch128,joint_ce_on,decoder_temp_threshold_composite,handan,joint6_with_inv,32,00,11,36,0.3055555555555556
grandBatch128,joint_ce_on,decoder_temp_threshold_composite,handan,joint6_with_inv,32,11,18,36,0.5
grandBatch128,joint_ce_on,decoder_temp_threshold_composite,handan,joint6_with_inv,32,12,3,36,0.08333333333333333
grandBatch128,joint_ce_on,decoder_temp_threshold_composite,handan,joint6_with_inv,32,21,0,36,0.0
grandBatch128,joint_ce_on,decoder_temp_threshold_composite,handan,joint6_with_inv,32,22,2,36,0.05555555555555555
grandBatch128,joint_ce_on,decoder_temp_threshold_composite,handan,joint6_with_inv,32,32,0,36,0.0
grandBatch128,joint_ce_on,decoder_temp_threshold_composite,handan,joint6_with_inv,32,INV,2,36,0.05555555555555555
grandBatch128,joint_ce_on,decoder_temp_threshold_composite,handan,joint6_with_inv,INV,00,0,0,
grandBatch128,joint_ce_on,decoder_temp_threshold_composite,handan,joint6_with_inv,INV,11,0,0,
grandBatch128,joint_ce_on,decoder_temp_threshold_composite,handan,joint6_with_inv,INV,12,0,0,
grandBatch128,joint_ce_on,decoder_temp_threshold_composite,handan,joint6_with_inv,INV,21,0,0,
grandBatch128,joint_ce_on,decoder_temp_threshold_composite,handan,joint6_with_inv,INV,22,0,0,
grandBatch128,joint_ce_on,decoder_temp_threshold_composite,handan,joint6_with_inv,INV,32,0,0,
grandBatch128,joint_ce_on,decoder_temp_threshold_composite,handan,joint6_with_inv,INV,INV,0,0,
grandBatch128,joint_ce_on,decoder_temp_threshold_composite,handan_have_bmi,joint6_with_inv,00,00,132,368,0.358695652173913
grandBatch128,joint_ce_on,decoder_temp_threshold_composite,handan_have_bmi,joint6_with_inv,00,11,154,368,0.41847826086956524
grandBatch128,joint_ce_on,decoder_temp_threshold_composite,handan_have_bmi,joint6_with_inv,00,12,4,368,0.010869565217391304
grandBatch128,joint_ce_on,decoder_temp_threshold_composite,handan_have_bmi,joint6_with_inv,00,21,3,368,0.008152173913043478
grandBatch128,joint_ce_on,decoder_temp_threshold_composite,handan_have_bmi,joint6_with_inv,00,22,15,368,0.04076086956521739
grandBatch128,joint_ce_on,decoder_temp_threshold_composite,handan_have_bmi,joint6_with_inv,00,32,0,368,0.0
grandBatch128,joint_ce_on,decoder_temp_threshold_composite,handan_have_bmi,joint6_with_inv,00,INV,60,368,0.16304347826086957
grandBatch128,joint_ce_on,decoder_temp_threshold_composite,handan_have_bmi,joint6_with_inv,11,00,0,2,0.0
grandBatch128,joint_ce_on,decoder_temp_threshold_composite,handan_have_bmi,joint6_with_inv,11,11,1,2,0.5
grandBatch128,joint_ce_on,decoder_temp_threshold_composite,handan_have_bmi,joint6_with_inv,11,12,0,2,0.0
grandBatch128,joint_ce_on,decoder_temp_threshold_composite,handan_have_bmi,joint6_with_inv,11,21,0,2,0.0
grandBatch128,joint_ce_on,decoder_temp_threshold_composite,handan_have_bmi,joint6_with_inv,11,22,0,2,0.0
grandBatch128,joint_ce_on,decoder_temp_threshold_composite,handan_have_bmi,joint6_with_inv,11,32,0,2,0.0
grandBatch128,joint_ce_on,decoder_temp_threshold_composite,handan_have_bmi,joint6_with_inv,11,INV,1,2,0.5
grandBatch128,joint_ce_on,decoder_temp_threshold_composite,handan_have_bmi,joint6_with_inv,12,00,0,3,0.0
grandBatch128,joint_ce_on,decoder_temp_threshold_composite,handan_have_bmi,joint6_with_inv,12,11,2,3,0.6666666666666666
grandBatch128,joint_ce_on,decoder_temp_threshold_composite,handan_have_bmi,joint6_with_inv,12,12,1,3,0.3333333333333333
grandBatch128,joint_ce_on,decoder_temp_threshold_composite,handan_have_bmi,joint6_with_inv,12,21,0,3,0.0
grandBatch128,joint_ce_on,decoder_temp_threshold_composite,handan_have_bmi,joint6_with_inv,12,22,0,3,0.0
grandBatch128,joint_ce_on,decoder_temp_threshold_composite,handan_have_bmi,joint6_with_inv,12,32,0,3,0.0
grandBatch128,joint_ce_on,decoder_temp_threshold_composite,handan_have_bmi,joint6_with_inv,12,INV,0,3,0.0
grandBatch128,joint_ce_on,decoder_temp_threshold_composite,handan_have_bmi,joint6_with_inv,21,00,1,1,1.0
grandBatch128,joint_ce_on,decoder_temp_threshold_composite,handan_have_bmi,joint6_with_inv,21,11,0,1,0.0
grandBatch128,joint_ce_on,decoder_temp_threshold_composite,handan_have_bmi,joint6_with_inv,21,12,0,1,0.0
grandBatch128,joint_ce_on,decoder_temp_threshold_composite,handan_have_bmi,joint6_with_inv,21,21,0,1,0.0
grandBatch128,joint_ce_on,decoder_temp_threshold_composite,handan_have_bmi,joint6_with_inv,21,22,0,1,0.0
grandBatch128,joint_ce_on,decoder_temp_threshold_composite,handan_have_bmi,joint6_with_inv,21,32,0,1,0.0
grandBatch128,joint_ce_on,decoder_temp_threshold_composite,handan_have_bmi,joint6_with_inv,21,INV,0,1,0.0
grandBatch128,joint_ce_on,decoder_temp_threshold_composite,handan_have_bmi,joint6_with_inv,22,00,3,41,0.07317073170731707
grandBatch128,joint_ce_on,decoder_temp_threshold_composite,handan_have_bmi,joint6_with_inv,22,11,30,41,0.7317073170731707
grandBatch128,joint_ce_on,decoder_temp_threshold_composite,handan_have_bmi,joint6_with_inv,22,12,0,41,0.0
grandBatch128,joint_ce_on,decoder_temp_threshold_composite,handan_have_bmi,joint6_with_inv,22,21,0,41,0.0
grandBatch128,joint_ce_on,decoder_temp_threshold_composite,handan_have_bmi,joint6_with_inv,22,22,5,41,0.12195121951219512
grandBatch128,joint_ce_on,decoder_temp_threshold_composite,handan_have_bmi,joint6_with_inv,22,32,0,41,0.0
grandBatch128,joint_ce_on,decoder_temp_threshold_composite,handan_have_bmi,joint6_with_inv,22,INV,3,41,0.07317073170731707
grandBatch128,joint_ce_on,decoder_temp_threshold_composite,handan_have_bmi,joint6_with_inv,32,00,8,31,0.25806451612903225
grandBatch128,joint_ce_on,decoder_temp_threshold_composite,handan_have_bmi,joint6_with_inv,32,11,16,31,0.5161290322580645
grandBatch128,joint_ce_on,decoder_temp_threshold_composite,handan_have_bmi,joint6_with_inv,32,12,3,31,0.0967741935483871
grandBatch128,joint_ce_on,decoder_temp_threshold_composite,handan_have_bmi,joint6_with_inv,32,21,0,31,0.0
grandBatch128,joint_ce_on,decoder_temp_threshold_composite,handan_have_bmi,joint6_with_inv,32,22,2,31,0.06451612903225806
grandBatch128,joint_ce_on,decoder_temp_threshold_composite,handan_have_bmi,joint6_with_inv,32,32,0,31,0.0
grandBatch128,joint_ce_on,decoder_temp_threshold_composite,handan_have_bmi,joint6_with_inv,32,INV,2,31,0.06451612903225806
grandBatch128,joint_ce_on,decoder_temp_threshold_composite,handan_have_bmi,joint6_with_inv,INV,00,0,0,
grandBatch128,joint_ce_on,decoder_temp_threshold_composite,handan_have_bmi,joint6_with_inv,INV,11,0,0,
grandBatch128,joint_ce_on,decoder_temp_threshold_composite,handan_have_bmi,joint6_with_inv,INV,12,0,0,
grandBatch128,joint_ce_on,decoder_temp_threshold_composite,handan_have_bmi,joint6_with_inv,INV,21,0,0,
grandBatch128,joint_ce_on,decoder_temp_threshold_composite,handan_have_bmi,joint6_with_inv,INV,22,0,0,
grandBatch128,joint_ce_on,decoder_temp_threshold_composite,handan_have_bmi,joint6_with_inv,INV,32,0,0,
grandBatch128,joint_ce_on,decoder_temp_threshold_composite,handan_have_bmi,joint6_with_inv,INV,INV,0,0,
grandBatch128,joint_ce_on,decoder_temp_threshold_composite,hebei,joint6_with_inv,00,00,142,154,0.922077922077922
grandBatch128,joint_ce_on,decoder_temp_threshold_composite,hebei,joint6_with_inv,00,11,8,154,0.05194805194805195
grandBatch128,joint_ce_on,decoder_temp_threshold_composite,hebei,joint6_with_inv,00,12,0,154,0.0
grandBatch128,joint_ce_on,decoder_temp_threshold_composite,hebei,joint6_with_inv,00,21,0,154,0.0
grandBatch128,joint_ce_on,decoder_temp_threshold_composite,hebei,joint6_with_inv,00,22,0,154,0.0
grandBatch128,joint_ce_on,decoder_temp_threshold_composite,hebei,joint6_with_inv,00,32,0,154,0.0
grandBatch128,joint_ce_on,decoder_temp_threshold_composite,hebei,joint6_with_inv,00,INV,4,154,0.025974025974025976
grandBatch128,joint_ce_on,decoder_temp_threshold_composite,hebei,joint6_with_inv,11,00,3,11,0.2727272727272727
grandBatch128,joint_ce_on,decoder_temp_threshold_composite,hebei,joint6_with_inv,11,11,5,11,0.45454545454545453
grandBatch128,joint_ce_on,decoder_temp_threshold_composite,hebei,joint6_with_inv,11,12,0,11,0.0
grandBatch128,joint_ce_on,decoder_temp_threshold_composite,hebei,joint6_with_inv,11,21,0,11,0.0
grandBatch128,joint_ce_on,decoder_temp_threshold_composite,hebei,joint6_with_inv,11,22,0,11,0.0
grandBatch128,joint_ce_on,decoder_temp_threshold_composite,hebei,joint6_with_inv,11,32,0,11,0.0
grandBatch128,joint_ce_on,decoder_temp_threshold_composite,hebei,joint6_with_inv,11,INV,3,11,0.2727272727272727
grandBatch128,joint_ce_on,decoder_temp_threshold_composite,hebei,joint6_with_inv,12,00,2,13,0.15384615384615385
grandBatch128,joint_ce_on,decoder_temp_threshold_composite,hebei,joint6_with_inv,12,11,10,13,0.7692307692307693
grandBatch128,joint_ce_on,decoder_temp_threshold_composite,hebei,joint6_with_inv,12,12,0,13,0.0
grandBatch128,joint_ce_on,decoder_temp_threshold_composite,hebei,joint6_with_inv,12,21,0,13,0.0
grandBatch128,joint_ce_on,decoder_temp_threshold_composite,hebei,joint6_with_inv,12,22,1,13,0.07692307692307693
grandBatch128,joint_ce_on,decoder_temp_threshold_composite,hebei,joint6_with_inv,12,32,0,13,0.0
grandBatch128,joint_ce_on,decoder_temp_threshold_composite,hebei,joint6_with_inv,12,INV,0,13,0.0
grandBatch128,joint_ce_on,decoder_temp_threshold_composite,hebei,joint6_with_inv,21,00,0,1,0.0
grandBatch128,joint_ce_on,decoder_temp_threshold_composite,hebei,joint6_with_inv,21,11,1,1,1.0
grandBatch128,joint_ce_on,decoder_temp_threshold_composite,hebei,joint6_with_inv,21,12,0,1,0.0
grandBatch128,joint_ce_on,decoder_temp_threshold_composite,hebei,joint6_with_inv,21,21,0,1,0.0
grandBatch128,joint_ce_on,decoder_temp_threshold_composite,hebei,joint6_with_inv,21,22,0,1,0.0
grandBatch128,joint_ce_on,decoder_temp_threshold_composite,hebei,joint6_with_inv,21,32,0,1,0.0
grandBatch128,joint_ce_on,decoder_temp_threshold_composite,hebei,joint6_with_inv,21,INV,0,1,0.0
grandBatch128,joint_ce_on,decoder_temp_threshold_composite,hebei,joint6_with_inv,22,00,1,16,0.0625
grandBatch128,joint_ce_on,decoder_temp_threshold_composite,hebei,joint6_with_inv,22,11,12,16,0.75
grandBatch128,joint_ce_on,decoder_temp_threshold_composite,hebei,joint6_with_inv,22,12,1,16,0.0625
grandBatch128,joint_ce_on,decoder_temp_threshold_composite,hebei,joint6_with_inv,22,21,0,16,0.0
grandBatch128,joint_ce_on,decoder_temp_threshold_composite,hebei,joint6_with_inv,22,22,0,16,0.0
grandBatch128,joint_ce_on,decoder_temp_threshold_composite,hebei,joint6_with_inv,22,32,0,16,0.0
grandBatch128,joint_ce_on,decoder_temp_threshold_composite,hebei,joint6_with_inv,22,INV,2,16,0.125
grandBatch128,joint_ce_on,decoder_temp_threshold_composite,hebei,joint6_with_inv,32,00,0,5,0.0
grandBatch128,joint_ce_on,decoder_temp_threshold_composite,hebei,joint6_with_inv,32,11,2,5,0.4
grandBatch128,joint_ce_on,decoder_temp_threshold_composite,hebei,joint6_with_inv,32,12,0,5,0.0
grandBatch128,joint_ce_on,decoder_temp_threshold_composite,hebei,joint6_with_inv,32,21,2,5,0.4
grandBatch128,joint_ce_on,decoder_temp_threshold_composite,hebei,joint6_with_inv,32,22,1,5,0.2
grandBatch128,joint_ce_on,decoder_temp_threshold_composite,hebei,joint6_with_inv,32,32,0,5,0.0
grandBatch128,joint_ce_on,decoder_temp_threshold_composite,hebei,joint6_with_inv,32,INV,0,5,0.0
grandBatch128,joint_ce_on,decoder_temp_threshold_composite,hebei,joint6_with_inv,INV,00,0,0,
grandBatch128,joint_ce_on,decoder_temp_threshold_composite,hebei,joint6_with_inv,INV,11,0,0,
grandBatch128,joint_ce_on,decoder_temp_threshold_composite,hebei,joint6_with_inv,INV,12,0,0,
grandBatch128,joint_ce_on,decoder_temp_threshold_composite,hebei,joint6_with_inv,INV,21,0,0,
grandBatch128,joint_ce_on,decoder_temp_threshold_composite,hebei,joint6_with_inv,INV,22,0,0,
grandBatch128,joint_ce_on,decoder_temp_threshold_composite,hebei,joint6_with_inv,INV,32,0,0,
grandBatch128,joint_ce_on,decoder_temp_threshold_composite,hebei,joint6_with_inv,INV,INV,0,0,
grandBatch128,joint_ce_on,decoder_temp_threshold_composite,hfirstALL,joint6_with_inv,00,00,14,51,0.27450980392156865
grandBatch128,joint_ce_on,decoder_temp_threshold_composite,hfirstALL,joint6_with_inv,00,11,22,51,0.43137254901960786
grandBatch128,joint_ce_on,decoder_temp_threshold_composite,hfirstALL,joint6_with_inv,00,12,4,51,0.0784313725490196
grandBatch128,joint_ce_on,decoder_temp_threshold_composite,hfirstALL,joint6_with_inv,00,21,0,51,0.0
grandBatch128,joint_ce_on,decoder_temp_threshold_composite,hfirstALL,joint6_with_inv,00,22,1,51,0.0196078431372549
grandBatch128,joint_ce_on,decoder_temp_threshold_composite,hfirstALL,joint6_with_inv,00,32,0,51,0.0
grandBatch128,joint_ce_on,decoder_temp_threshold_composite,hfirstALL,joint6_with_inv,00,INV,10,51,0.19607843137254902
grandBatch128,joint_ce_on,decoder_temp_threshold_composite,hfirstALL,joint6_with_inv,11,00,4,8,0.5
grandBatch128,joint_ce_on,decoder_temp_threshold_composite,hfirstALL,joint6_with_inv,11,11,3,8,0.375
grandBatch128,joint_ce_on,decoder_temp_threshold_composite,hfirstALL,joint6_with_inv,11,12,0,8,0.0
grandBatch128,joint_ce_on,decoder_temp_threshold_composite,hfirstALL,joint6_with_inv,11,21,0,8,0.0
grandBatch128,joint_ce_on,decoder_temp_threshold_composite,hfirstALL,joint6_with_inv,11,22,0,8,0.0
grandBatch128,joint_ce_on,decoder_temp_threshold_composite,hfirstALL,joint6_with_inv,11,32,0,8,0.0
grandBatch128,joint_ce_on,decoder_temp_threshold_composite,hfirstALL,joint6_with_inv,11,INV,1,8,0.125
grandBatch128,joint_ce_on,decoder_temp_threshold_composite,hfirstALL,joint6_with_inv,12,00,2,11,0.18181818181818182
grandBatch128,joint_ce_on,decoder_temp_threshold_composite,hfirstALL,joint6_with_inv,12,11,8,11,0.7272727272727273
grandBatch128,joint_ce_on,decoder_temp_threshold_composite,hfirstALL,joint6_with_inv,12,12,0,11,0.0
grandBatch128,joint_ce_on,decoder_temp_threshold_composite,hfirstALL,joint6_with_inv,12,21,0,11,0.0
grandBatch128,joint_ce_on,decoder_temp_threshold_composite,hfirstALL,joint6_with_inv,12,22,1,11,0.09090909090909091
grandBatch128,joint_ce_on,decoder_temp_threshold_composite,hfirstALL,joint6_with_inv,12,32,0,11,0.0
grandBatch128,joint_ce_on,decoder_temp_threshold_composite,hfirstALL,joint6_with_inv,12,INV,0,11,0.0
grandBatch128,joint_ce_on,decoder_temp_threshold_composite,hfirstALL,joint6_with_inv,21,00,3,12,0.25
grandBatch128,joint_ce_on,decoder_temp_threshold_composite,hfirstALL,joint6_with_inv,21,11,5,12,0.4166666666666667
grandBatch128,joint_ce_on,decoder_temp_threshold_composite,hfirstALL,joint6_with_inv,21,12,0,12,0.0
grandBatch128,joint_ce_on,decoder_temp_threshold_composite,hfirstALL,joint6_with_inv,21,21,0,12,0.0
grandBatch128,joint_ce_on,decoder_temp_threshold_composite,hfirstALL,joint6_with_inv,21,22,0,12,0.0
grandBatch128,joint_ce_on,decoder_temp_threshold_composite,hfirstALL,joint6_with_inv,21,32,0,12,0.0
grandBatch128,joint_ce_on,decoder_temp_threshold_composite,hfirstALL,joint6_with_inv,21,INV,4,12,0.3333333333333333
grandBatch128,joint_ce_on,decoder_temp_threshold_composite,hfirstALL,joint6_with_inv,22,00,5,44,0.11363636363636363
grandBatch128,joint_ce_on,decoder_temp_threshold_composite,hfirstALL,joint6_with_inv,22,11,25,44,0.5681818181818182
grandBatch128,joint_ce_on,decoder_temp_threshold_composite,hfirstALL,joint6_with_inv,22,12,3,44,0.06818181818181818
grandBatch128,joint_ce_on,decoder_temp_threshold_composite,hfirstALL,joint6_with_inv,22,21,0,44,0.0
grandBatch128,joint_ce_on,decoder_temp_threshold_composite,hfirstALL,joint6_with_inv,22,22,6,44,0.13636363636363635
grandBatch128,joint_ce_on,decoder_temp_threshold_composite,hfirstALL,joint6_with_inv,22,32,0,44,0.0
grandBatch128,joint_ce_on,decoder_temp_threshold_composite,hfirstALL,joint6_with_inv,22,INV,5,44,0.11363636363636363
grandBatch128,joint_ce_on,decoder_temp_threshold_composite,hfirstALL,joint6_with_inv,32,00,16,95,0.16842105263157894
grandBatch128,joint_ce_on,decoder_temp_threshold_composite,hfirstALL,joint6_with_inv,32,11,50,95,0.5263157894736842
grandBatch128,joint_ce_on,decoder_temp_threshold_composite,hfirstALL,joint6_with_inv,32,12,5,95,0.05263157894736842
grandBatch128,joint_ce_on,decoder_temp_threshold_composite,hfirstALL,joint6_with_inv,32,21,3,95,0.031578947368421054
grandBatch128,joint_ce_on,decoder_temp_threshold_composite,hfirstALL,joint6_with_inv,32,22,11,95,0.11578947368421053
grandBatch128,joint_ce_on,decoder_temp_threshold_composite,hfirstALL,joint6_with_inv,32,32,0,95,0.0
grandBatch128,joint_ce_on,decoder_temp_threshold_composite,hfirstALL,joint6_with_inv,32,INV,10,95,0.10526315789473684
grandBatch128,joint_ce_on,decoder_temp_threshold_composite,hfirstALL,joint6_with_inv,INV,00,0,0,
grandBatch128,joint_ce_on,decoder_temp_threshold_composite,hfirstALL,joint6_with_inv,INV,11,0,0,
grandBatch128,joint_ce_on,decoder_temp_threshold_composite,hfirstALL,joint6_with_inv,INV,12,0,0,
grandBatch128,joint_ce_on,decoder_temp_threshold_composite,hfirstALL,joint6_with_inv,INV,21,0,0,
grandBatch128,joint_ce_on,decoder_temp_threshold_composite,hfirstALL,joint6_with_inv,INV,22,0,0,
grandBatch128,joint_ce_on,decoder_temp_threshold_composite,hfirstALL,joint6_with_inv,INV,32,0,0,
grandBatch128,joint_ce_on,decoder_temp_threshold_composite,hfirstALL,joint6_with_inv,INV,INV,0,0,
grandBatch128,joint_ce_on,decoder_temp_threshold_composite,hfirstALL_have_bmi,joint6_with_inv,00,00,11,47,0.23404255319148937
grandBatch128,joint_ce_on,decoder_temp_threshold_composite,hfirstALL_have_bmi,joint6_with_inv,00,11,22,47,0.46808510638297873
grandBatch128,joint_ce_on,decoder_temp_threshold_composite,hfirstALL_have_bmi,joint6_with_inv,00,12,4,47,0.0851063829787234
grandBatch128,joint_ce_on,decoder_temp_threshold_composite,hfirstALL_have_bmi,joint6_with_inv,00,21,0,47,0.0
grandBatch128,joint_ce_on,decoder_temp_threshold_composite,hfirstALL_have_bmi,joint6_with_inv,00,22,1,47,0.02127659574468085
grandBatch128,joint_ce_on,decoder_temp_threshold_composite,hfirstALL_have_bmi,joint6_with_inv,00,32,0,47,0.0
grandBatch128,joint_ce_on,decoder_temp_threshold_composite,hfirstALL_have_bmi,joint6_with_inv,00,INV,9,47,0.19148936170212766
grandBatch128,joint_ce_on,decoder_temp_threshold_composite,hfirstALL_have_bmi,joint6_with_inv,11,00,4,7,0.5714285714285714
grandBatch128,joint_ce_on,decoder_temp_threshold_composite,hfirstALL_have_bmi,joint6_with_inv,11,11,2,7,0.2857142857142857
grandBatch128,joint_ce_on,decoder_temp_threshold_composite,hfirstALL_have_bmi,joint6_with_inv,11,12,0,7,0.0
grandBatch128,joint_ce_on,decoder_temp_threshold_composite,hfirstALL_have_bmi,joint6_with_inv,11,21,0,7,0.0
grandBatch128,joint_ce_on,decoder_temp_threshold_composite,hfirstALL_have_bmi,joint6_with_inv,11,22,0,7,0.0
grandBatch128,joint_ce_on,decoder_temp_threshold_composite,hfirstALL_have_bmi,joint6_with_inv,11,32,0,7,0.0
grandBatch128,joint_ce_on,decoder_temp_threshold_composite,hfirstALL_have_bmi,joint6_with_inv,11,INV,1,7,0.14285714285714285
grandBatch128,joint_ce_on,decoder_temp_threshold_composite,hfirstALL_have_bmi,joint6_with_inv,12,00,2,11,0.18181818181818182
grandBatch128,joint_ce_on,decoder_temp_threshold_composite,hfirstALL_have_bmi,joint6_with_inv,12,11,8,11,0.7272727272727273
grandBatch128,joint_ce_on,decoder_temp_threshold_composite,hfirstALL_have_bmi,joint6_with_inv,12,12,0,11,0.0
grandBatch128,joint_ce_on,decoder_temp_threshold_composite,hfirstALL_have_bmi,joint6_with_inv,12,21,0,11,0.0
grandBatch128,joint_ce_on,decoder_temp_threshold_composite,hfirstALL_have_bmi,joint6_with_inv,12,22,1,11,0.09090909090909091
grandBatch128,joint_ce_on,decoder_temp_threshold_composite,hfirstALL_have_bmi,joint6_with_inv,12,32,0,11,0.0
grandBatch128,joint_ce_on,decoder_temp_threshold_composite,hfirstALL_have_bmi,joint6_with_inv,12,INV,0,11,0.0
grandBatch128,joint_ce_on,decoder_temp_threshold_composite,hfirstALL_have_bmi,joint6_with_inv,21,00,3,11,0.2727272727272727
grandBatch128,joint_ce_on,decoder_temp_threshold_composite,hfirstALL_have_bmi,joint6_with_inv,21,11,4,11,0.36363636363636365
grandBatch128,joint_ce_on,decoder_temp_threshold_composite,hfirstALL_have_bmi,joint6_with_inv,21,12,0,11,0.0
grandBatch128,joint_ce_on,decoder_temp_threshold_composite,hfirstALL_have_bmi,joint6_with_inv,21,21,0,11,0.0
grandBatch128,joint_ce_on,decoder_temp_threshold_composite,hfirstALL_have_bmi,joint6_with_inv,21,22,0,11,0.0
grandBatch128,joint_ce_on,decoder_temp_threshold_composite,hfirstALL_have_bmi,joint6_with_inv,21,32,0,11,0.0
grandBatch128,joint_ce_on,decoder_temp_threshold_composite,hfirstALL_have_bmi,joint6_with_inv,21,INV,4,11,0.36363636363636365
grandBatch128,joint_ce_on,decoder_temp_threshold_composite,hfirstALL_have_bmi,joint6_with_inv,22,00,3,39,0.07692307692307693
grandBatch128,joint_ce_on,decoder_temp_threshold_composite,hfirstALL_have_bmi,joint6_with_inv,22,11,22,39,0.5641025641025641
grandBatch128,joint_ce_on,decoder_temp_threshold_composite,hfirstALL_have_bmi,joint6_with_inv,22,12,3,39,0.07692307692307693
grandBatch128,joint_ce_on,decoder_temp_threshold_composite,hfirstALL_have_bmi,joint6_with_inv,22,21,0,39,0.0
grandBatch128,joint_ce_on,decoder_temp_threshold_composite,hfirstALL_have_bmi,joint6_with_inv,22,22,6,39,0.15384615384615385
grandBatch128,joint_ce_on,decoder_temp_threshold_composite,hfirstALL_have_bmi,joint6_with_inv,22,32,0,39,0.0
grandBatch128,joint_ce_on,decoder_temp_threshold_composite,hfirstALL_have_bmi,joint6_with_inv,22,INV,5,39,0.1282051282051282
grandBatch128,joint_ce_on,decoder_temp_threshold_composite,hfirstALL_have_bmi,joint6_with_inv,32,00,10,88,0.11363636363636363
grandBatch128,joint_ce_on,decoder_temp_threshold_composite,hfirstALL_have_bmi,joint6_with_inv,32,11,49,88,0.5568181818181818
grandBatch128,joint_ce_on,decoder_temp_threshold_composite,hfirstALL_have_bmi,joint6_with_inv,32,12,5,88,0.056818181818181816
grandBatch128,joint_ce_on,decoder_temp_threshold_composite,hfirstALL_have_bmi,joint6_with_inv,32,21,3,88,0.03409090909090909
grandBatch128,joint_ce_on,decoder_temp_threshold_composite,hfirstALL_have_bmi,joint6_with_inv,32,22,11,88,0.125
grandBatch128,joint_ce_on,decoder_temp_threshold_composite,hfirstALL_have_bmi,joint6_with_inv,32,32,0,88,0.0
grandBatch128,joint_ce_on,decoder_temp_threshold_composite,hfirstALL_have_bmi,joint6_with_inv,32,INV,10,88,0.11363636363636363
grandBatch128,joint_ce_on,decoder_temp_threshold_composite,hfirstALL_have_bmi,joint6_with_inv,INV,00,0,0,
grandBatch128,joint_ce_on,decoder_temp_threshold_composite,hfirstALL_have_bmi,joint6_with_inv,INV,11,0,0,
grandBatch128,joint_ce_on,decoder_temp_threshold_composite,hfirstALL_have_bmi,joint6_with_inv,INV,12,0,0,
grandBatch128,joint_ce_on,decoder_temp_threshold_composite,hfirstALL_have_bmi,joint6_with_inv,INV,21,0,0,
grandBatch128,joint_ce_on,decoder_temp_threshold_composite,hfirstALL_have_bmi,joint6_with_inv,INV,22,0,0,
grandBatch128,joint_ce_on,decoder_temp_threshold_composite,hfirstALL_have_bmi,joint6_with_inv,INV,32,0,0,
grandBatch128,joint_ce_on,decoder_temp_threshold_composite,hfirstALL_have_bmi,joint6_with_inv,INV,INV,0,0,
grandBatch128,joint_ce_on,decoder_temp_threshold_composite,internal,joint6_with_inv,00,00,664,1466,0.4529331514324693
grandBatch128,joint_ce_on,decoder_temp_threshold_composite,internal,joint6_with_inv,00,11,454,1466,0.3096862210095498
grandBatch128,joint_ce_on,decoder_temp_threshold_composite,internal,joint6_with_inv,00,12,81,1466,0.05525238744884038
grandBatch128,joint_ce_on,decoder_temp_threshold_composite,internal,joint6_with_inv,00,21,11,1466,0.007503410641200546
grandBatch128,joint_ce_on,decoder_temp_threshold_composite,internal,joint6_with_inv,00,22,134,1466,0.09140518417462483
grandBatch128,joint_ce_on,decoder_temp_threshold_composite,internal,joint6_with_inv,00,32,0,1466,0.0
grandBatch128,joint_ce_on,decoder_temp_threshold_composite,internal,joint6_with_inv,00,INV,122,1466,0.08321964529331514
grandBatch128,joint_ce_on,decoder_temp_threshold_composite,internal,joint6_with_inv,11,00,33,140,0.2357142857142857
grandBatch128,joint_ce_on,decoder_temp_threshold_composite,internal,joint6_with_inv,11,11,70,140,0.5
grandBatch128,joint_ce_on,decoder_temp_threshold_composite,internal,joint6_with_inv,11,12,16,140,0.11428571428571428
grandBatch128,joint_ce_on,decoder_temp_threshold_composite,internal,joint6_with_inv,11,21,2,140,0.014285714285714285
grandBatch128,joint_ce_on,decoder_temp_threshold_composite,internal,joint6_with_inv,11,22,13,140,0.09285714285714286
grandBatch128,joint_ce_on,decoder_temp_threshold_composite,internal,joint6_with_inv,11,32,0,140,0.0
grandBatch128,joint_ce_on,decoder_temp_threshold_composite,internal,joint6_with_inv,11,INV,6,140,0.04285714285714286
grandBatch128,joint_ce_on,decoder_temp_threshold_composite,internal,joint6_with_inv,12,00,60,1244,0.04823151125401929
grandBatch128,joint_ce_on,decoder_temp_threshold_composite,internal,joint6_with_inv,12,11,487,1244,0.39147909967845657
grandBatch128,joint_ce_on,decoder_temp_threshold_composite,internal,joint6_with_inv,12,12,231,1244,0.18569131832797428
grandBatch128,joint_ce_on,decoder_temp_threshold_composite,internal,joint6_with_inv,12,21,11,1244,0.008842443729903537
grandBatch128,joint_ce_on,decoder_temp_threshold_composite,internal,joint6_with_inv,12,22,404,1244,0.3247588424437299
grandBatch128,joint_ce_on,decoder_temp_threshold_composite,internal,joint6_with_inv,12,32,2,1244,0.001607717041800643
grandBatch128,joint_ce_on,decoder_temp_threshold_composite,internal,joint6_with_inv,12,INV,49,1244,0.03938906752411576
grandBatch128,joint_ce_on,decoder_temp_threshold_composite,internal,joint6_with_inv,21,00,10,51,0.19607843137254902
grandBatch128,joint_ce_on,decoder_temp_threshold_composite,internal,joint6_with_inv,21,11,31,51,0.6078431372549019
grandBatch128,joint_ce_on,decoder_temp_threshold_composite,internal,joint6_with_inv,21,12,3,51,0.058823529411764705
grandBatch128,joint_ce_on,decoder_temp_threshold_composite,internal,joint6_with_inv,21,21,3,51,0.058823529411764705
grandBatch128,joint_ce_on,decoder_temp_threshold_composite,internal,joint6_with_inv,21,22,4,51,0.0784313725490196
grandBatch128,joint_ce_on,decoder_temp_threshold_composite,internal,joint6_with_inv,21,32,0,51,0.0
grandBatch128,joint_ce_on,decoder_temp_threshold_composite,internal,joint6_with_inv,21,INV,0,51,0.0
grandBatch128,joint_ce_on,decoder_temp_threshold_composite,internal,joint6_with_inv,22,00,30,691,0.04341534008683068
grandBatch128,joint_ce_on,decoder_temp_threshold_composite,internal,joint6_with_inv,22,11,240,691,0.3473227206946454
grandBatch128,joint_ce_on,decoder_temp_threshold_composite,internal,joint6_with_inv,22,12,114,691,0.1649782923299566
grandBatch128,joint_ce_on,decoder_temp_threshold_composite,internal,joint6_with_inv,22,21,13,691,0.01881331403762663
grandBatch128,joint_ce_on,decoder_temp_threshold_composite,internal,joint6_with_inv,22,22,257,691,0.3719247467438495
grandBatch128,joint_ce_on,decoder_temp_threshold_composite,internal,joint6_with_inv,22,32,0,691,0.0
grandBatch128,joint_ce_on,decoder_temp_threshold_composite,internal,joint6_with_inv,22,INV,37,691,0.053545586107091175
grandBatch128,joint_ce_on,decoder_temp_threshold_composite,internal,joint6_with_inv,32,00,10,289,0.03460207612456748
grandBatch128,joint_ce_on,decoder_temp_threshold_composite,internal,joint6_with_inv,32,11,102,289,0.35294117647058826
grandBatch128,joint_ce_on,decoder_temp_threshold_composite,internal,joint6_with_inv,32,12,51,289,0.17647058823529413
grandBatch128,joint_ce_on,decoder_temp_threshold_composite,internal,joint6_with_inv,32,21,6,289,0.020761245674740483
grandBatch128,joint_ce_on,decoder_temp_threshold_composite,internal,joint6_with_inv,32,22,113,289,0.39100346020761245
grandBatch128,joint_ce_on,decoder_temp_threshold_composite,internal,joint6_with_inv,32,32,0,289,0.0
grandBatch128,joint_ce_on,decoder_temp_threshold_composite,internal,joint6_with_inv,32,INV,7,289,0.02422145328719723
grandBatch128,joint_ce_on,decoder_temp_threshold_composite,internal,joint6_with_inv,INV,00,0,0,
grandBatch128,joint_ce_on,decoder_temp_threshold_composite,internal,joint6_with_inv,INV,11,0,0,
grandBatch128,joint_ce_on,decoder_temp_threshold_composite,internal,joint6_with_inv,INV,12,0,0,
grandBatch128,joint_ce_on,decoder_temp_threshold_composite,internal,joint6_with_inv,INV,21,0,0,
grandBatch128,joint_ce_on,decoder_temp_threshold_composite,internal,joint6_with_inv,INV,22,0,0,
grandBatch128,joint_ce_on,decoder_temp_threshold_composite,internal,joint6_with_inv,INV,32,0,0,
grandBatch128,joint_ce_on,decoder_temp_threshold_composite,internal,joint6_with_inv,INV,INV,0,0,
grandBatch128_jointsoft_00,joint_ce_off,decoder_non_qwk,handan,joint6_with_inv,00,00,373,419,0.8902147971360382
grandBatch128_jointsoft_00,joint_ce_off,decoder_non_qwk,handan,joint6_with_inv,00,11,0,419,0.0
grandBatch128_jointsoft_00,joint_ce_off,decoder_non_qwk,handan,joint6_with_inv,00,12,0,419,0.0
grandBatch128_jointsoft_00,joint_ce_off,decoder_non_qwk,handan,joint6_with_inv,00,21,0,419,0.0
grandBatch128_jointsoft_00,joint_ce_off,decoder_non_qwk,handan,joint6_with_inv,00,22,0,419,0.0
grandBatch128_jointsoft_00,joint_ce_off,decoder_non_qwk,handan,joint6_with_inv,00,32,26,419,0.06205250596658711
grandBatch128_jointsoft_00,joint_ce_off,decoder_non_qwk,handan,joint6_with_inv,00,INV,20,419,0.0477326968973747
grandBatch128_jointsoft_00,joint_ce_off,decoder_non_qwk,handan,joint6_with_inv,11,00,2,2,1.0
grandBatch128_jointsoft_00,joint_ce_off,decoder_non_qwk,handan,joint6_with_inv,11,11,0,2,0.0
grandBatch128_jointsoft_00,joint_ce_off,decoder_non_qwk,handan,joint6_with_inv,11,12,0,2,0.0
grandBatch128_jointsoft_00,joint_ce_off,decoder_non_qwk,handan,joint6_with_inv,11,21,0,2,0.0
grandBatch128_jointsoft_00,joint_ce_off,decoder_non_qwk,handan,joint6_with_inv,11,22,0,2,0.0
grandBatch128_jointsoft_00,joint_ce_off,decoder_non_qwk,handan,joint6_with_inv,11,32,0,2,0.0
grandBatch128_jointsoft_00,joint_ce_off,decoder_non_qwk,handan,joint6_with_inv,11,INV,0,2,0.0
grandBatch128_jointsoft_00,joint_ce_off,decoder_non_qwk,handan,joint6_with_inv,12,00,1,3,0.3333333333333333
grandBatch128_jointsoft_00,joint_ce_off,decoder_non_qwk,handan,joint6_with_inv,12,11,0,3,0.0
grandBatch128_jointsoft_00,joint_ce_off,decoder_non_qwk,handan,joint6_with_inv,12,12,0,3,0.0
grandBatch128_jointsoft_00,joint_ce_off,decoder_non_qwk,handan,joint6_with_inv,12,21,0,3,0.0
grandBatch128_jointsoft_00,joint_ce_off,decoder_non_qwk,handan,joint6_with_inv,12,22,0,3,0.0
grandBatch128_jointsoft_00,joint_ce_off,decoder_non_qwk,handan,joint6_with_inv,12,32,1,3,0.3333333333333333
grandBatch128_jointsoft_00,joint_ce_off,decoder_non_qwk,handan,joint6_with_inv,12,INV,1,3,0.3333333333333333
grandBatch128_jointsoft_00,joint_ce_off,decoder_non_qwk,handan,joint6_with_inv,21,00,1,1,1.0
grandBatch128_jointsoft_00,joint_ce_off,decoder_non_qwk,handan,joint6_with_inv,21,11,0,1,0.0
grandBatch128_jointsoft_00,joint_ce_off,decoder_non_qwk,handan,joint6_with_inv,21,12,0,1,0.0
grandBatch128_jointsoft_00,joint_ce_off,decoder_non_qwk,handan,joint6_with_inv,21,21,0,1,0.0
grandBatch128_jointsoft_00,joint_ce_off,decoder_non_qwk,handan,joint6_with_inv,21,22,0,1,0.0
grandBatch128_jointsoft_00,joint_ce_off,decoder_non_qwk,handan,joint6_with_inv,21,32,0,1,0.0
grandBatch128_jointsoft_00,joint_ce_off,decoder_non_qwk,handan,joint6_with_inv,21,INV,0,1,0.0
grandBatch128_jointsoft_00,joint_ce_off,decoder_non_qwk,handan,joint6_with_inv,22,00,29,45,0.6444444444444445
grandBatch128_jointsoft_00,joint_ce_off,decoder_non_qwk,handan,joint6_with_inv,22,11,0,45,0.0
grandBatch128_jointsoft_00,joint_ce_off,decoder_non_qwk,handan,joint6_with_inv,22,12,1,45,0.022222222222222223
grandBatch128_jointsoft_00,joint_ce_off,decoder_non_qwk,handan,joint6_with_inv,22,21,0,45,0.0
grandBatch128_jointsoft_00,joint_ce_off,decoder_non_qwk,handan,joint6_with_inv,22,22,0,45,0.0
grandBatch128_jointsoft_00,joint_ce_off,decoder_non_qwk,handan,joint6_with_inv,22,32,8,45,0.17777777777777778
grandBatch128_jointsoft_00,joint_ce_off,decoder_non_qwk,handan,joint6_with_inv,22,INV,7,45,0.15555555555555556
grandBatch128_jointsoft_00,joint_ce_off,decoder_non_qwk,handan,joint6_with_inv,32,00,24,36,0.6666666666666666
grandBatch128_jointsoft_00,joint_ce_off,decoder_non_qwk,handan,joint6_with_inv,32,11,0,36,0.0
grandBatch128_jointsoft_00,joint_ce_off,decoder_non_qwk,handan,joint6_with_inv,32,12,1,36,0.027777777777777776
grandBatch128_jointsoft_00,joint_ce_off,decoder_non_qwk,handan,joint6_with_inv,32,21,0,36,0.0
grandBatch128_jointsoft_00,joint_ce_off,decoder_non_qwk,handan,joint6_with_inv,32,22,0,36,0.0
grandBatch128_jointsoft_00,joint_ce_off,decoder_non_qwk,handan,joint6_with_inv,32,32,6,36,0.16666666666666666
grandBatch128_jointsoft_00,joint_ce_off,decoder_non_qwk,handan,joint6_with_inv,32,INV,5,36,0.1388888888888889
grandBatch128_jointsoft_00,joint_ce_off,decoder_non_qwk,handan,joint6_with_inv,INV,00,0,0,
grandBatch128_jointsoft_00,joint_ce_off,decoder_non_qwk,handan,joint6_with_inv,INV,11,0,0,
grandBatch128_jointsoft_00,joint_ce_off,decoder_non_qwk,handan,joint6_with_inv,INV,12,0,0,
grandBatch128_jointsoft_00,joint_ce_off,decoder_non_qwk,handan,joint6_with_inv,INV,21,0,0,
grandBatch128_jointsoft_00,joint_ce_off,decoder_non_qwk,handan,joint6_with_inv,INV,22,0,0,
grandBatch128_jointsoft_00,joint_ce_off,decoder_non_qwk,handan,joint6_with_inv,INV,32,0,0,
grandBatch128_jointsoft_00,joint_ce_off,decoder_non_qwk,handan,joint6_with_inv,INV,INV,0,0,
grandBatch128_jointsoft_00,joint_ce_off,decoder_non_qwk,handan_have_bmi,joint6_with_inv,00,00,325,368,0.8831521739130435
grandBatch128_jointsoft_00,joint_ce_off,decoder_non_qwk,handan_have_bmi,joint6_with_inv,00,11,0,368,0.0
grandBatch128_jointsoft_00,joint_ce_off,decoder_non_qwk,handan_have_bmi,joint6_with_inv,00,12,0,368,0.0
grandBatch128_jointsoft_00,joint_ce_off,decoder_non_qwk,handan_have_bmi,joint6_with_inv,00,21,0,368,0.0
grandBatch128_jointsoft_00,joint_ce_off,decoder_non_qwk,handan_have_bmi,joint6_with_inv,00,22,0,368,0.0
grandBatch128_jointsoft_00,joint_ce_off,decoder_non_qwk,handan_have_bmi,joint6_with_inv,00,32,25,368,0.06793478260869565
grandBatch128_jointsoft_00,joint_ce_off,decoder_non_qwk,handan_have_bmi,joint6_with_inv,00,INV,18,368,0.04891304347826087
grandBatch128_jointsoft_00,joint_ce_off,decoder_non_qwk,handan_have_bmi,joint6_with_inv,11,00,2,2,1.0
grandBatch128_jointsoft_00,joint_ce_off,decoder_non_qwk,handan_have_bmi,joint6_with_inv,11,11,0,2,0.0
grandBatch128_jointsoft_00,joint_ce_off,decoder_non_qwk,handan_have_bmi,joint6_with_inv,11,12,0,2,0.0
grandBatch128_jointsoft_00,joint_ce_off,decoder_non_qwk,handan_have_bmi,joint6_with_inv,11,21,0,2,0.0
grandBatch128_jointsoft_00,joint_ce_off,decoder_non_qwk,handan_have_bmi,joint6_with_inv,11,22,0,2,0.0
grandBatch128_jointsoft_00,joint_ce_off,decoder_non_qwk,handan_have_bmi,joint6_with_inv,11,32,0,2,0.0
grandBatch128_jointsoft_00,joint_ce_off,decoder_non_qwk,handan_have_bmi,joint6_with_inv,11,INV,0,2,0.0
grandBatch128_jointsoft_00,joint_ce_off,decoder_non_qwk,handan_have_bmi,joint6_with_inv,12,00,1,3,0.3333333333333333
grandBatch128_jointsoft_00,joint_ce_off,decoder_non_qwk,handan_have_bmi,joint6_with_inv,12,11,0,3,0.0
grandBatch128_jointsoft_00,joint_ce_off,decoder_non_qwk,handan_have_bmi,joint6_with_inv,12,12,0,3,0.0
grandBatch128_jointsoft_00,joint_ce_off,decoder_non_qwk,handan_have_bmi,joint6_with_inv,12,21,0,3,0.0
grandBatch128_jointsoft_00,joint_ce_off,decoder_non_qwk,handan_have_bmi,joint6_with_inv,12,22,0,3,0.0
grandBatch128_jointsoft_00,joint_ce_off,decoder_non_qwk,handan_have_bmi,joint6_with_inv,12,32,1,3,0.3333333333333333
grandBatch128_jointsoft_00,joint_ce_off,decoder_non_qwk,handan_have_bmi,joint6_with_inv,12,INV,1,3,0.3333333333333333
grandBatch128_jointsoft_00,joint_ce_off,decoder_non_qwk,handan_have_bmi,joint6_with_inv,21,00,1,1,1.0
grandBatch128_jointsoft_00,joint_ce_off,decoder_non_qwk,handan_have_bmi,joint6_with_inv,21,11,0,1,0.0
grandBatch128_jointsoft_00,joint_ce_off,decoder_non_qwk,handan_have_bmi,joint6_with_inv,21,12,0,1,0.0
grandBatch128_jointsoft_00,joint_ce_off,decoder_non_qwk,handan_have_bmi,joint6_with_inv,21,21,0,1,0.0
grandBatch128_jointsoft_00,joint_ce_off,decoder_non_qwk,handan_have_bmi,joint6_with_inv,21,22,0,1,0.0
grandBatch128_jointsoft_00,joint_ce_off,decoder_non_qwk,handan_have_bmi,joint6_with_inv,21,32,0,1,0.0
grandBatch128_jointsoft_00,joint_ce_off,decoder_non_qwk,handan_have_bmi,joint6_with_inv,21,INV,0,1,0.0
grandBatch128_jointsoft_00,joint_ce_off,decoder_non_qwk,handan_have_bmi,joint6_with_inv,22,00,26,41,0.6341463414634146
grandBatch128_jointsoft_00,joint_ce_off,decoder_non_qwk,handan_have_bmi,joint6_with_inv,22,11,0,41,0.0
grandBatch128_jointsoft_00,joint_ce_off,decoder_non_qwk,handan_have_bmi,joint6_with_inv,22,12,1,41,0.024390243902439025
grandBatch128_jointsoft_00,joint_ce_off,decoder_non_qwk,handan_have_bmi,joint6_with_inv,22,21,0,41,0.0
grandBatch128_jointsoft_00,joint_ce_off,decoder_non_qwk,handan_have_bmi,joint6_with_inv,22,22,0,41,0.0
grandBatch128_jointsoft_00,joint_ce_off,decoder_non_qwk,handan_have_bmi,joint6_with_inv,22,32,8,41,0.1951219512195122
grandBatch128_jointsoft_00,joint_ce_off,decoder_non_qwk,handan_have_bmi,joint6_with_inv,22,INV,6,41,0.14634146341463414
grandBatch128_jointsoft_00,joint_ce_off,decoder_non_qwk,handan_have_bmi,joint6_with_inv,32,00,19,31,0.6129032258064516
grandBatch128_jointsoft_00,joint_ce_off,decoder_non_qwk,handan_have_bmi,joint6_with_inv,32,11,0,31,0.0
grandBatch128_jointsoft_00,joint_ce_off,decoder_non_qwk,handan_have_bmi,joint6_with_inv,32,12,1,31,0.03225806451612903
grandBatch128_jointsoft_00,joint_ce_off,decoder_non_qwk,handan_have_bmi,joint6_with_inv,32,21,0,31,0.0
grandBatch128_jointsoft_00,joint_ce_off,decoder_non_qwk,handan_have_bmi,joint6_with_inv,32,22,0,31,0.0
grandBatch128_jointsoft_00,joint_ce_off,decoder_non_qwk,handan_have_bmi,joint6_with_inv,32,32,6,31,0.1935483870967742
grandBatch128_jointsoft_00,joint_ce_off,decoder_non_qwk,handan_have_bmi,joint6_with_inv,32,INV,5,31,0.16129032258064516
grandBatch128_jointsoft_00,joint_ce_off,decoder_non_qwk,handan_have_bmi,joint6_with_inv,INV,00,0,0,
grandBatch128_jointsoft_00,joint_ce_off,decoder_non_qwk,handan_have_bmi,joint6_with_inv,INV,11,0,0,
grandBatch128_jointsoft_00,joint_ce_off,decoder_non_qwk,handan_have_bmi,joint6_with_inv,INV,12,0,0,
grandBatch128_jointsoft_00,joint_ce_off,decoder_non_qwk,handan_have_bmi,joint6_with_inv,INV,21,0,0,
grandBatch128_jointsoft_00,joint_ce_off,decoder_non_qwk,handan_have_bmi,joint6_with_inv,INV,22,0,0,
grandBatch128_jointsoft_00,joint_ce_off,decoder_non_qwk,handan_have_bmi,joint6_with_inv,INV,32,0,0,
grandBatch128_jointsoft_00,joint_ce_off,decoder_non_qwk,handan_have_bmi,joint6_with_inv,INV,INV,0,0,
grandBatch128_jointsoft_00,joint_ce_off,decoder_non_qwk,hebei,joint6_with_inv,00,00,154,154,1.0
grandBatch128_jointsoft_00,joint_ce_off,decoder_non_qwk,hebei,joint6_with_inv,00,11,0,154,0.0
grandBatch128_jointsoft_00,joint_ce_off,decoder_non_qwk,hebei,joint6_with_inv,00,12,0,154,0.0
grandBatch128_jointsoft_00,joint_ce_off,decoder_non_qwk,hebei,joint6_with_inv,00,21,0,154,0.0
grandBatch128_jointsoft_00,joint_ce_off,decoder_non_qwk,hebei,joint6_with_inv,00,22,0,154,0.0
grandBatch128_jointsoft_00,joint_ce_off,decoder_non_qwk,hebei,joint6_with_inv,00,32,0,154,0.0
grandBatch128_jointsoft_00,joint_ce_off,decoder_non_qwk,hebei,joint6_with_inv,00,INV,0,154,0.0
grandBatch128_jointsoft_00,joint_ce_off,decoder_non_qwk,hebei,joint6_with_inv,11,00,10,11,0.9090909090909091
grandBatch128_jointsoft_00,joint_ce_off,decoder_non_qwk,hebei,joint6_with_inv,11,11,0,11,0.0
grandBatch128_jointsoft_00,joint_ce_off,decoder_non_qwk,hebei,joint6_with_inv,11,12,0,11,0.0
grandBatch128_jointsoft_00,joint_ce_off,decoder_non_qwk,hebei,joint6_with_inv,11,21,0,11,0.0
grandBatch128_jointsoft_00,joint_ce_off,decoder_non_qwk,hebei,joint6_with_inv,11,22,0,11,0.0
grandBatch128_jointsoft_00,joint_ce_off,decoder_non_qwk,hebei,joint6_with_inv,11,32,0,11,0.0
grandBatch128_jointsoft_00,joint_ce_off,decoder_non_qwk,hebei,joint6_with_inv,11,INV,1,11,0.09090909090909091
grandBatch128_jointsoft_00,joint_ce_off,decoder_non_qwk,hebei,joint6_with_inv,12,00,11,13,0.8461538461538461
grandBatch128_jointsoft_00,joint_ce_off,decoder_non_qwk,hebei,joint6_with_inv,12,11,0,13,0.0
grandBatch128_jointsoft_00,joint_ce_off,decoder_non_qwk,hebei,joint6_with_inv,12,12,0,13,0.0
grandBatch128_jointsoft_00,joint_ce_off,decoder_non_qwk,hebei,joint6_with_inv,12,21,0,13,0.0
grandBatch128_jointsoft_00,joint_ce_off,decoder_non_qwk,hebei,joint6_with_inv,12,22,0,13,0.0
grandBatch128_jointsoft_00,joint_ce_off,decoder_non_qwk,hebei,joint6_with_inv,12,32,1,13,0.07692307692307693
grandBatch128_jointsoft_00,joint_ce_off,decoder_non_qwk,hebei,joint6_with_inv,12,INV,1,13,0.07692307692307693
grandBatch128_jointsoft_00,joint_ce_off,decoder_non_qwk,hebei,joint6_with_inv,21,00,1,1,1.0
grandBatch128_jointsoft_00,joint_ce_off,decoder_non_qwk,hebei,joint6_with_inv,21,11,0,1,0.0
grandBatch128_jointsoft_00,joint_ce_off,decoder_non_qwk,hebei,joint6_with_inv,21,12,0,1,0.0
grandBatch128_jointsoft_00,joint_ce_off,decoder_non_qwk,hebei,joint6_with_inv,21,21,0,1,0.0
grandBatch128_jointsoft_00,joint_ce_off,decoder_non_qwk,hebei,joint6_with_inv,21,22,0,1,0.0
grandBatch128_jointsoft_00,joint_ce_off,decoder_non_qwk,hebei,joint6_with_inv,21,32,0,1,0.0
grandBatch128_jointsoft_00,joint_ce_off,decoder_non_qwk,hebei,joint6_with_inv,21,INV,0,1,0.0
grandBatch128_jointsoft_00,joint_ce_off,decoder_non_qwk,hebei,joint6_with_inv,22,00,12,16,0.75
grandBatch128_jointsoft_00,joint_ce_off,decoder_non_qwk,hebei,joint6_with_inv,22,11,0,16,0.0
grandBatch128_jointsoft_00,joint_ce_off,decoder_non_qwk,hebei,joint6_with_inv,22,12,0,16,0.0
grandBatch128_jointsoft_00,joint_ce_off,decoder_non_qwk,hebei,joint6_with_inv,22,21,0,16,0.0
grandBatch128_jointsoft_00,joint_ce_off,decoder_non_qwk,hebei,joint6_with_inv,22,22,0,16,0.0
grandBatch128_jointsoft_00,joint_ce_off,decoder_non_qwk,hebei,joint6_with_inv,22,32,2,16,0.125
grandBatch128_jointsoft_00,joint_ce_off,decoder_non_qwk,hebei,joint6_with_inv,22,INV,2,16,0.125
grandBatch128_jointsoft_00,joint_ce_off,decoder_non_qwk,hebei,joint6_with_inv,32,00,1,5,0.2
grandBatch128_jointsoft_00,joint_ce_off,decoder_non_qwk,hebei,joint6_with_inv,32,11,0,5,0.0
grandBatch128_jointsoft_00,joint_ce_off,decoder_non_qwk,hebei,joint6_with_inv,32,12,0,5,0.0
grandBatch128_jointsoft_00,joint_ce_off,decoder_non_qwk,hebei,joint6_with_inv,32,21,0,5,0.0
grandBatch128_jointsoft_00,joint_ce_off,decoder_non_qwk,hebei,joint6_with_inv,32,22,0,5,0.0
grandBatch128_jointsoft_00,joint_ce_off,decoder_non_qwk,hebei,joint6_with_inv,32,32,3,5,0.6
grandBatch128_jointsoft_00,joint_ce_off,decoder_non_qwk,hebei,joint6_with_inv,32,INV,1,5,0.2
grandBatch128_jointsoft_00,joint_ce_off,decoder_non_qwk,hebei,joint6_with_inv,INV,00,0,0,
grandBatch128_jointsoft_00,joint_ce_off,decoder_non_qwk,hebei,joint6_with_inv,INV,11,0,0,
grandBatch128_jointsoft_00,joint_ce_off,decoder_non_qwk,hebei,joint6_with_inv,INV,12,0,0,
grandBatch128_jointsoft_00,joint_ce_off,decoder_non_qwk,hebei,joint6_with_inv,INV,21,0,0,
grandBatch128_jointsoft_00,joint_ce_off,decoder_non_qwk,hebei,joint6_with_inv,INV,22,0,0,
grandBatch128_jointsoft_00,joint_ce_off,decoder_non_qwk,hebei,joint6_with_inv,INV,32,0,0,
grandBatch128_jointsoft_00,joint_ce_off,decoder_non_qwk,hebei,joint6_with_inv,INV,INV,0,0,
grandBatch128_jointsoft_00,joint_ce_off,decoder_non_qwk,hfirstALL,joint6_with_inv,00,00,42,51,0.8235294117647058
grandBatch128_jointsoft_00,joint_ce_off,decoder_non_qwk,hfirstALL,joint6_with_inv,00,11,0,51,0.0
grandBatch128_jointsoft_00,joint_ce_off,decoder_non_qwk,hfirstALL,joint6_with_inv,00,12,3,51,0.058823529411764705
grandBatch128_jointsoft_00,joint_ce_off,decoder_non_qwk,hfirstALL,joint6_with_inv,00,21,0,51,0.0
grandBatch128_jointsoft_00,joint_ce_off,decoder_non_qwk,hfirstALL,joint6_with_inv,00,22,0,51,0.0
grandBatch128_jointsoft_00,joint_ce_off,decoder_non_qwk,hfirstALL,joint6_with_inv,00,32,1,51,0.0196078431372549
grandBatch128_jointsoft_00,joint_ce_off,decoder_non_qwk,hfirstALL,joint6_with_inv,00,INV,5,51,0.09803921568627451
grandBatch128_jointsoft_00,joint_ce_off,decoder_non_qwk,hfirstALL,joint6_with_inv,11,00,8,8,1.0
grandBatch128_jointsoft_00,joint_ce_off,decoder_non_qwk,hfirstALL,joint6_with_inv,11,11,0,8,0.0
grandBatch128_jointsoft_00,joint_ce_off,decoder_non_qwk,hfirstALL,joint6_with_inv,11,12,0,8,0.0
grandBatch128_jointsoft_00,joint_ce_off,decoder_non_qwk,hfirstALL,joint6_with_inv,11,21,0,8,0.0
grandBatch128_jointsoft_00,joint_ce_off,decoder_non_qwk,hfirstALL,joint6_with_inv,11,22,0,8,0.0
grandBatch128_jointsoft_00,joint_ce_off,decoder_non_qwk,hfirstALL,joint6_with_inv,11,32,0,8,0.0
grandBatch128_jointsoft_00,joint_ce_off,decoder_non_qwk,hfirstALL,joint6_with_inv,11,INV,0,8,0.0
grandBatch128_jointsoft_00,joint_ce_off,decoder_non_qwk,hfirstALL,joint6_with_inv,12,00,6,11,0.5454545454545454
grandBatch128_jointsoft_00,joint_ce_off,decoder_non_qwk,hfirstALL,joint6_with_inv,12,11,0,11,0.0
grandBatch128_jointsoft_00,joint_ce_off,decoder_non_qwk,hfirstALL,joint6_with_inv,12,12,0,11,0.0
grandBatch128_jointsoft_00,joint_ce_off,decoder_non_qwk,hfirstALL,joint6_with_inv,12,21,0,11,0.0
grandBatch128_jointsoft_00,joint_ce_off,decoder_non_qwk,hfirstALL,joint6_with_inv,12,22,0,11,0.0
grandBatch128_jointsoft_00,joint_ce_off,decoder_non_qwk,hfirstALL,joint6_with_inv,12,32,2,11,0.18181818181818182
grandBatch128_jointsoft_00,joint_ce_off,decoder_non_qwk,hfirstALL,joint6_with_inv,12,INV,3,11,0.2727272727272727
grandBatch128_jointsoft_00,joint_ce_off,decoder_non_qwk,hfirstALL,joint6_with_inv,21,00,11,12,0.9166666666666666
grandBatch128_jointsoft_00,joint_ce_off,decoder_non_qwk,hfirstALL,joint6_with_inv,21,11,0,12,0.0
grandBatch128_jointsoft_00,joint_ce_off,decoder_non_qwk,hfirstALL,joint6_with_inv,21,12,0,12,0.0
grandBatch128_jointsoft_00,joint_ce_off,decoder_non_qwk,hfirstALL,joint6_with_inv,21,21,0,12,0.0
grandBatch128_jointsoft_00,joint_ce_off,decoder_non_qwk,hfirstALL,joint6_with_inv,21,22,0,12,0.0
grandBatch128_jointsoft_00,joint_ce_off,decoder_non_qwk,hfirstALL,joint6_with_inv,21,32,0,12,0.0
grandBatch128_jointsoft_00,joint_ce_off,decoder_non_qwk,hfirstALL,joint6_with_inv,21,INV,1,12,0.08333333333333333
grandBatch128_jointsoft_00,joint_ce_off,decoder_non_qwk,hfirstALL,joint6_with_inv,22,00,28,44,0.6363636363636364
grandBatch128_jointsoft_00,joint_ce_off,decoder_non_qwk,hfirstALL,joint6_with_inv,22,11,0,44,0.0
grandBatch128_jointsoft_00,joint_ce_off,decoder_non_qwk,hfirstALL,joint6_with_inv,22,12,1,44,0.022727272727272728
grandBatch128_jointsoft_00,joint_ce_off,decoder_non_qwk,hfirstALL,joint6_with_inv,22,21,0,44,0.0
grandBatch128_jointsoft_00,joint_ce_off,decoder_non_qwk,hfirstALL,joint6_with_inv,22,22,0,44,0.0
grandBatch128_jointsoft_00,joint_ce_off,decoder_non_qwk,hfirstALL,joint6_with_inv,22,32,8,44,0.18181818181818182
grandBatch128_jointsoft_00,joint_ce_off,decoder_non_qwk,hfirstALL,joint6_with_inv,22,INV,7,44,0.1590909090909091
grandBatch128_jointsoft_00,joint_ce_off,decoder_non_qwk,hfirstALL,joint6_with_inv,32,00,66,95,0.6947368421052632
grandBatch128_jointsoft_00,joint_ce_off,decoder_non_qwk,hfirstALL,joint6_with_inv,32,11,0,95,0.0
grandBatch128_jointsoft_00,joint_ce_off,decoder_non_qwk,hfirstALL,joint6_with_inv,32,12,3,95,0.031578947368421054
grandBatch128_jointsoft_00,joint_ce_off,decoder_non_qwk,hfirstALL,joint6_with_inv,32,21,0,95,0.0
grandBatch128_jointsoft_00,joint_ce_off,decoder_non_qwk,hfirstALL,joint6_with_inv,32,22,0,95,0.0
grandBatch128_jointsoft_00,joint_ce_off,decoder_non_qwk,hfirstALL,joint6_with_inv,32,32,16,95,0.16842105263157894
grandBatch128_jointsoft_00,joint_ce_off,decoder_non_qwk,hfirstALL,joint6_with_inv,32,INV,10,95,0.10526315789473684
grandBatch128_jointsoft_00,joint_ce_off,decoder_non_qwk,hfirstALL,joint6_with_inv,INV,00,0,0,
grandBatch128_jointsoft_00,joint_ce_off,decoder_non_qwk,hfirstALL,joint6_with_inv,INV,11,0,0,
grandBatch128_jointsoft_00,joint_ce_off,decoder_non_qwk,hfirstALL,joint6_with_inv,INV,12,0,0,
grandBatch128_jointsoft_00,joint_ce_off,decoder_non_qwk,hfirstALL,joint6_with_inv,INV,21,0,0,
grandBatch128_jointsoft_00,joint_ce_off,decoder_non_qwk,hfirstALL,joint6_with_inv,INV,22,0,0,
grandBatch128_jointsoft_00,joint_ce_off,decoder_non_qwk,hfirstALL,joint6_with_inv,INV,32,0,0,
grandBatch128_jointsoft_00,joint_ce_off,decoder_non_qwk,hfirstALL,joint6_with_inv,INV,INV,0,0,
grandBatch128_jointsoft_00,joint_ce_off,decoder_non_qwk,hfirstALL_have_bmi,joint6_with_inv,00,00,38,47,0.8085106382978723
grandBatch128_jointsoft_00,joint_ce_off,decoder_non_qwk,hfirstALL_have_bmi,joint6_with_inv,00,11,0,47,0.0
grandBatch128_jointsoft_00,joint_ce_off,decoder_non_qwk,hfirstALL_have_bmi,joint6_with_inv,00,12,3,47,0.06382978723404255
grandBatch128_jointsoft_00,joint_ce_off,decoder_non_qwk,hfirstALL_have_bmi,joint6_with_inv,00,21,0,47,0.0
grandBatch128_jointsoft_00,joint_ce_off,decoder_non_qwk,hfirstALL_have_bmi,joint6_with_inv,00,22,0,47,0.0
grandBatch128_jointsoft_00,joint_ce_off,decoder_non_qwk,hfirstALL_have_bmi,joint6_with_inv,00,32,1,47,0.02127659574468085
grandBatch128_jointsoft_00,joint_ce_off,decoder_non_qwk,hfirstALL_have_bmi,joint6_with_inv,00,INV,5,47,0.10638297872340426
grandBatch128_jointsoft_00,joint_ce_off,decoder_non_qwk,hfirstALL_have_bmi,joint6_with_inv,11,00,7,7,1.0
grandBatch128_jointsoft_00,joint_ce_off,decoder_non_qwk,hfirstALL_have_bmi,joint6_with_inv,11,11,0,7,0.0
grandBatch128_jointsoft_00,joint_ce_off,decoder_non_qwk,hfirstALL_have_bmi,joint6_with_inv,11,12,0,7,0.0
grandBatch128_jointsoft_00,joint_ce_off,decoder_non_qwk,hfirstALL_have_bmi,joint6_with_inv,11,21,0,7,0.0
grandBatch128_jointsoft_00,joint_ce_off,decoder_non_qwk,hfirstALL_have_bmi,joint6_with_inv,11,22,0,7,0.0
grandBatch128_jointsoft_00,joint_ce_off,decoder_non_qwk,hfirstALL_have_bmi,joint6_with_inv,11,32,0,7,0.0
grandBatch128_jointsoft_00,joint_ce_off,decoder_non_qwk,hfirstALL_have_bmi,joint6_with_inv,11,INV,0,7,0.0
grandBatch128_jointsoft_00,joint_ce_off,decoder_non_qwk,hfirstALL_have_bmi,joint6_with_inv,12,00,6,11,0.5454545454545454
grandBatch128_jointsoft_00,joint_ce_off,decoder_non_qwk,hfirstALL_have_bmi,joint6_with_inv,12,11,0,11,0.0
grandBatch128_jointsoft_00,joint_ce_off,decoder_non_qwk,hfirstALL_have_bmi,joint6_with_inv,12,12,0,11,0.0
grandBatch128_jointsoft_00,joint_ce_off,decoder_non_qwk,hfirstALL_have_bmi,joint6_with_inv,12,21,0,11,0.0
grandBatch128_jointsoft_00,joint_ce_off,decoder_non_qwk,hfirstALL_have_bmi,joint6_with_inv,12,22,0,11,0.0
grandBatch128_jointsoft_00,joint_ce_off,decoder_non_qwk,hfirstALL_have_bmi,joint6_with_inv,12,32,2,11,0.18181818181818182
grandBatch128_jointsoft_00,joint_ce_off,decoder_non_qwk,hfirstALL_have_bmi,joint6_with_inv,12,INV,3,11,0.2727272727272727
grandBatch128_jointsoft_00,joint_ce_off,decoder_non_qwk,hfirstALL_have_bmi,joint6_with_inv,21,00,10,11,0.9090909090909091
grandBatch128_jointsoft_00,joint_ce_off,decoder_non_qwk,hfirstALL_have_bmi,joint6_with_inv,21,11,0,11,0.0
grandBatch128_jointsoft_00,joint_ce_off,decoder_non_qwk,hfirstALL_have_bmi,joint6_with_inv,21,12,0,11,0.0
grandBatch128_jointsoft_00,joint_ce_off,decoder_non_qwk,hfirstALL_have_bmi,joint6_with_inv,21,21,0,11,0.0
grandBatch128_jointsoft_00,joint_ce_off,decoder_non_qwk,hfirstALL_have_bmi,joint6_with_inv,21,22,0,11,0.0
grandBatch128_jointsoft_00,joint_ce_off,decoder_non_qwk,hfirstALL_have_bmi,joint6_with_inv,21,32,0,11,0.0
grandBatch128_jointsoft_00,joint_ce_off,decoder_non_qwk,hfirstALL_have_bmi,joint6_with_inv,21,INV,1,11,0.09090909090909091
grandBatch128_jointsoft_00,joint_ce_off,decoder_non_qwk,hfirstALL_have_bmi,joint6_with_inv,22,00,24,39,0.6153846153846154
grandBatch128_jointsoft_00,joint_ce_off,decoder_non_qwk,hfirstALL_have_bmi,joint6_with_inv,22,11,0,39,0.0
grandBatch128_jointsoft_00,joint_ce_off,decoder_non_qwk,hfirstALL_have_bmi,joint6_with_inv,22,12,1,39,0.02564102564102564
grandBatch128_jointsoft_00,joint_ce_off,decoder_non_qwk,hfirstALL_have_bmi,joint6_with_inv,22,21,0,39,0.0
grandBatch128_jointsoft_00,joint_ce_off,decoder_non_qwk,hfirstALL_have_bmi,joint6_with_inv,22,22,0,39,0.0
grandBatch128_jointsoft_00,joint_ce_off,decoder_non_qwk,hfirstALL_have_bmi,joint6_with_inv,22,32,8,39,0.20512820512820512
grandBatch128_jointsoft_00,joint_ce_off,decoder_non_qwk,hfirstALL_have_bmi,joint6_with_inv,22,INV,6,39,0.15384615384615385
grandBatch128_jointsoft_00,joint_ce_off,decoder_non_qwk,hfirstALL_have_bmi,joint6_with_inv,32,00,59,88,0.6704545454545454
grandBatch128_jointsoft_00,joint_ce_off,decoder_non_qwk,hfirstALL_have_bmi,joint6_with_inv,32,11,0,88,0.0
grandBatch128_jointsoft_00,joint_ce_off,decoder_non_qwk,hfirstALL_have_bmi,joint6_with_inv,32,12,3,88,0.03409090909090909
grandBatch128_jointsoft_00,joint_ce_off,decoder_non_qwk,hfirstALL_have_bmi,joint6_with_inv,32,21,0,88,0.0
grandBatch128_jointsoft_00,joint_ce_off,decoder_non_qwk,hfirstALL_have_bmi,joint6_with_inv,32,22,0,88,0.0
grandBatch128_jointsoft_00,joint_ce_off,decoder_non_qwk,hfirstALL_have_bmi,joint6_with_inv,32,32,16,88,0.18181818181818182
grandBatch128_jointsoft_00,joint_ce_off,decoder_non_qwk,hfirstALL_have_bmi,joint6_with_inv,32,INV,10,88,0.11363636363636363
grandBatch128_jointsoft_00,joint_ce_off,decoder_non_qwk,hfirstALL_have_bmi,joint6_with_inv,INV,00,0,0,
grandBatch128_jointsoft_00,joint_ce_off,decoder_non_qwk,hfirstALL_have_bmi,joint6_with_inv,INV,11,0,0,
grandBatch128_jointsoft_00,joint_ce_off,decoder_non_qwk,hfirstALL_have_bmi,joint6_with_inv,INV,12,0,0,
grandBatch128_jointsoft_00,joint_ce_off,decoder_non_qwk,hfirstALL_have_bmi,joint6_with_inv,INV,21,0,0,
grandBatch128_jointsoft_00,joint_ce_off,decoder_non_qwk,hfirstALL_have_bmi,joint6_with_inv,INV,22,0,0,
grandBatch128_jointsoft_00,joint_ce_off,decoder_non_qwk,hfirstALL_have_bmi,joint6_with_inv,INV,32,0,0,
grandBatch128_jointsoft_00,joint_ce_off,decoder_non_qwk,hfirstALL_have_bmi,joint6_with_inv,INV,INV,0,0,
grandBatch128_jointsoft_00,joint_ce_off,decoder_non_qwk,internal,joint6_with_inv,00,00,1075,1466,0.7332878581173261
grandBatch128_jointsoft_00,joint_ce_off,decoder_non_qwk,internal,joint6_with_inv,00,11,0,1466,0.0
grandBatch128_jointsoft_00,joint_ce_off,decoder_non_qwk,internal,joint6_with_inv,00,12,70,1466,0.047748976807639835
grandBatch128_jointsoft_00,joint_ce_off,decoder_non_qwk,internal,joint6_with_inv,00,21,0,1466,0.0
grandBatch128_jointsoft_00,joint_ce_off,decoder_non_qwk,internal,joint6_with_inv,00,22,0,1466,0.0
grandBatch128_jointsoft_00,joint_ce_off,decoder_non_qwk,internal,joint6_with_inv,00,32,202,1466,0.1377899045020464
grandBatch128_jointsoft_00,joint_ce_off,decoder_non_qwk,internal,joint6_with_inv,00,INV,119,1466,0.08117326057298772
grandBatch128_jointsoft_00,joint_ce_off,decoder_non_qwk,internal,joint6_with_inv,11,00,88,140,0.6285714285714286
grandBatch128_jointsoft_00,joint_ce_off,decoder_non_qwk,internal,joint6_with_inv,11,11,0,140,0.0
grandBatch128_jointsoft_00,joint_ce_off,decoder_non_qwk,internal,joint6_with_inv,11,12,8,140,0.05714285714285714
grandBatch128_jointsoft_00,joint_ce_off,decoder_non_qwk,internal,joint6_with_inv,11,21,0,140,0.0
grandBatch128_jointsoft_00,joint_ce_off,decoder_non_qwk,internal,joint6_with_inv,11,22,0,140,0.0
grandBatch128_jointsoft_00,joint_ce_off,decoder_non_qwk,internal,joint6_with_inv,11,32,26,140,0.18571428571428572
grandBatch128_jointsoft_00,joint_ce_off,decoder_non_qwk,internal,joint6_with_inv,11,INV,18,140,0.12857142857142856
grandBatch128_jointsoft_00,joint_ce_off,decoder_non_qwk,internal,joint6_with_inv,12,00,322,1244,0.25884244372990356
grandBatch128_jointsoft_00,joint_ce_off,decoder_non_qwk,internal,joint6_with_inv,12,11,0,1244,0.0
grandBatch128_jointsoft_00,joint_ce_off,decoder_non_qwk,internal,joint6_with_inv,12,12,237,1244,0.19051446945337622
grandBatch128_jointsoft_00,joint_ce_off,decoder_non_qwk,internal,joint6_with_inv,12,21,0,1244,0.0
grandBatch128_jointsoft_00,joint_ce_off,decoder_non_qwk,internal,joint6_with_inv,12,22,0,1244,0.0
grandBatch128_jointsoft_00,joint_ce_off,decoder_non_qwk,internal,joint6_with_inv,12,32,492,1244,0.3954983922829582
grandBatch128_jointsoft_00,joint_ce_off,decoder_non_qwk,internal,joint6_with_inv,12,INV,193,1244,0.15514469453376206
grandBatch128_jointsoft_00,joint_ce_off,decoder_non_qwk,internal,joint6_with_inv,21,00,27,51,0.5294117647058824
grandBatch128_jointsoft_00,joint_ce_off,decoder_non_qwk,internal,joint6_with_inv,21,11,0,51,0.0
grandBatch128_jointsoft_00,joint_ce_off,decoder_non_qwk,internal,joint6_with_inv,21,12,1,51,0.0196078431372549
grandBatch128_jointsoft_00,joint_ce_off,decoder_non_qwk,internal,joint6_with_inv,21,21,0,51,0.0
grandBatch128_jointsoft_00,joint_ce_off,decoder_non_qwk,internal,joint6_with_inv,21,22,0,51,0.0
grandBatch128_jointsoft_00,joint_ce_off,decoder_non_qwk,internal,joint6_with_inv,21,32,15,51,0.29411764705882354
grandBatch128_jointsoft_00,joint_ce_off,decoder_non_qwk,internal,joint6_with_inv,21,INV,8,51,0.1568627450980392
grandBatch128_jointsoft_00,joint_ce_off,decoder_non_qwk,internal,joint6_with_inv,22,00,199,691,0.28798842257597684
grandBatch128_jointsoft_00,joint_ce_off,decoder_non_qwk,internal,joint6_with_inv,22,11,0,691,0.0
grandBatch128_jointsoft_00,joint_ce_off,decoder_non_qwk,internal,joint6_with_inv,22,12,112,691,0.16208393632416787
grandBatch128_jointsoft_00,joint_ce_off,decoder_non_qwk,internal,joint6_with_inv,22,21,0,691,0.0
grandBatch128_jointsoft_00,joint_ce_off,decoder_non_qwk,internal,joint6_with_inv,22,22,0,691,0.0
grandBatch128_jointsoft_00,joint_ce_off,decoder_non_qwk,internal,joint6_with_inv,22,32,298,691,0.4312590448625181
grandBatch128_jointsoft_00,joint_ce_off,decoder_non_qwk,internal,joint6_with_inv,22,INV,82,691,0.11866859623733719
grandBatch128_jointsoft_00,joint_ce_off,decoder_non_qwk,internal,joint6_with_inv,32,00,73,289,0.25259515570934254
grandBatch128_jointsoft_00,joint_ce_off,decoder_non_qwk,internal,joint6_with_inv,32,11,0,289,0.0
grandBatch128_jointsoft_00,joint_ce_off,decoder_non_qwk,internal,joint6_with_inv,32,12,36,289,0.1245674740484429
grandBatch128_jointsoft_00,joint_ce_off,decoder_non_qwk,internal,joint6_with_inv,32,21,0,289,0.0
grandBatch128_jointsoft_00,joint_ce_off,decoder_non_qwk,internal,joint6_with_inv,32,22,1,289,0.0034602076124567475
grandBatch128_jointsoft_00,joint_ce_off,decoder_non_qwk,internal,joint6_with_inv,32,32,138,289,0.47750865051903113
grandBatch128_jointsoft_00,joint_ce_off,decoder_non_qwk,internal,joint6_with_inv,32,INV,41,289,0.14186851211072665
grandBatch128_jointsoft_00,joint_ce_off,decoder_non_qwk,internal,joint6_with_inv,INV,00,0,0,
grandBatch128_jointsoft_00,joint_ce_off,decoder_non_qwk,internal,joint6_with_inv,INV,11,0,0,
grandBatch128_jointsoft_00,joint_ce_off,decoder_non_qwk,internal,joint6_with_inv,INV,12,0,0,
grandBatch128_jointsoft_00,joint_ce_off,decoder_non_qwk,internal,joint6_with_inv,INV,21,0,0,
grandBatch128_jointsoft_00,joint_ce_off,decoder_non_qwk,internal,joint6_with_inv,INV,22,0,0,
grandBatch128_jointsoft_00,joint_ce_off,decoder_non_qwk,internal,joint6_with_inv,INV,32,0,0,
grandBatch128_jointsoft_00,joint_ce_off,decoder_non_qwk,internal,joint6_with_inv,INV,INV,0,0,
grandBatch128_jointsoft_00,joint_ce_off,decoder_temp_ev_macro_f1,handan,joint6_with_inv,00,00,301,419,0.7183770883054893
grandBatch128_jointsoft_00,joint_ce_off,decoder_temp_ev_macro_f1,handan,joint6_with_inv,00,11,53,419,0.12649164677804295
grandBatch128_jointsoft_00,joint_ce_off,decoder_temp_ev_macro_f1,handan,joint6_with_inv,00,12,31,419,0.07398568019093078
grandBatch128_jointsoft_00,joint_ce_off,decoder_temp_ev_macro_f1,handan,joint6_with_inv,00,21,0,419,0.0
grandBatch128_jointsoft_00,joint_ce_off,decoder_temp_ev_macro_f1,handan,joint6_with_inv,00,22,9,419,0.021479713603818614
grandBatch128_jointsoft_00,joint_ce_off,decoder_temp_ev_macro_f1,handan,joint6_with_inv,00,32,0,419,0.0
grandBatch128_jointsoft_00,joint_ce_off,decoder_temp_ev_macro_f1,handan,joint6_with_inv,00,INV,25,419,0.059665871121718374
grandBatch128_jointsoft_00,joint_ce_off,decoder_temp_ev_macro_f1,handan,joint6_with_inv,11,00,2,2,1.0
grandBatch128_jointsoft_00,joint_ce_off,decoder_temp_ev_macro_f1,handan,joint6_with_inv,11,11,0,2,0.0
grandBatch128_jointsoft_00,joint_ce_off,decoder_temp_ev_macro_f1,handan,joint6_with_inv,11,12,0,2,0.0
grandBatch128_jointsoft_00,joint_ce_off,decoder_temp_ev_macro_f1,handan,joint6_with_inv,11,21,0,2,0.0
grandBatch128_jointsoft_00,joint_ce_off,decoder_temp_ev_macro_f1,handan,joint6_with_inv,11,22,0,2,0.0
grandBatch128_jointsoft_00,joint_ce_off,decoder_temp_ev_macro_f1,handan,joint6_with_inv,11,32,0,2,0.0
grandBatch128_jointsoft_00,joint_ce_off,decoder_temp_ev_macro_f1,handan,joint6_with_inv,11,INV,0,2,0.0
grandBatch128_jointsoft_00,joint_ce_off,decoder_temp_ev_macro_f1,handan,joint6_with_inv,12,00,1,3,0.3333333333333333
grandBatch128_jointsoft_00,joint_ce_off,decoder_temp_ev_macro_f1,handan,joint6_with_inv,12,11,1,3,0.3333333333333333
grandBatch128_jointsoft_00,joint_ce_off,decoder_temp_ev_macro_f1,handan,joint6_with_inv,12,12,1,3,0.3333333333333333
grandBatch128_jointsoft_00,joint_ce_off,decoder_temp_ev_macro_f1,handan,joint6_with_inv,12,21,0,3,0.0
grandBatch128_jointsoft_00,joint_ce_off,decoder_temp_ev_macro_f1,handan,joint6_with_inv,12,22,0,3,0.0
grandBatch128_jointsoft_00,joint_ce_off,decoder_temp_ev_macro_f1,handan,joint6_with_inv,12,32,0,3,0.0
grandBatch128_jointsoft_00,joint_ce_off,decoder_temp_ev_macro_f1,handan,joint6_with_inv,12,INV,0,3,0.0
grandBatch128_jointsoft_00,joint_ce_off,decoder_temp_ev_macro_f1,handan,joint6_with_inv,21,00,1,1,1.0
grandBatch128_jointsoft_00,joint_ce_off,decoder_temp_ev_macro_f1,handan,joint6_with_inv,21,11,0,1,0.0
grandBatch128_jointsoft_00,joint_ce_off,decoder_temp_ev_macro_f1,handan,joint6_with_inv,21,12,0,1,0.0
grandBatch128_jointsoft_00,joint_ce_off,decoder_temp_ev_macro_f1,handan,joint6_with_inv,21,21,0,1,0.0
grandBatch128_jointsoft_00,joint_ce_off,decoder_temp_ev_macro_f1,handan,joint6_with_inv,21,22,0,1,0.0
grandBatch128_jointsoft_00,joint_ce_off,decoder_temp_ev_macro_f1,handan,joint6_with_inv,21,32,0,1,0.0
grandBatch128_jointsoft_00,joint_ce_off,decoder_temp_ev_macro_f1,handan,joint6_with_inv,21,INV,0,1,0.0
grandBatch128_jointsoft_00,joint_ce_off,decoder_temp_ev_macro_f1,handan,joint6_with_inv,22,00,15,45,0.3333333333333333
grandBatch128_jointsoft_00,joint_ce_off,decoder_temp_ev_macro_f1,handan,joint6_with_inv,22,11,14,45,0.3111111111111111
grandBatch128_jointsoft_00,joint_ce_off,decoder_temp_ev_macro_f1,handan,joint6_with_inv,22,12,12,45,0.26666666666666666
grandBatch128_jointsoft_00,joint_ce_off,decoder_temp_ev_macro_f1,handan,joint6_with_inv,22,21,0,45,0.0
grandBatch128_jointsoft_00,joint_ce_off,decoder_temp_ev_macro_f1,handan,joint6_with_inv,22,22,1,45,0.022222222222222223
grandBatch128_jointsoft_00,joint_ce_off,decoder_temp_ev_macro_f1,handan,joint6_with_inv,22,32,0,45,0.0
grandBatch128_jointsoft_00,joint_ce_off,decoder_temp_ev_macro_f1,handan,joint6_with_inv,22,INV,3,45,0.06666666666666667
grandBatch128_jointsoft_00,joint_ce_off,decoder_temp_ev_macro_f1,handan,joint6_with_inv,32,00,14,36,0.3888888888888889
grandBatch128_jointsoft_00,joint_ce_off,decoder_temp_ev_macro_f1,handan,joint6_with_inv,32,11,8,36,0.2222222222222222
grandBatch128_jointsoft_00,joint_ce_off,decoder_temp_ev_macro_f1,handan,joint6_with_inv,32,12,8,36,0.2222222222222222
grandBatch128_jointsoft_00,joint_ce_off,decoder_temp_ev_macro_f1,handan,joint6_with_inv,32,21,0,36,0.0
grandBatch128_jointsoft_00,joint_ce_off,decoder_temp_ev_macro_f1,handan,joint6_with_inv,32,22,1,36,0.027777777777777776
grandBatch128_jointsoft_00,joint_ce_off,decoder_temp_ev_macro_f1,handan,joint6_with_inv,32,32,0,36,0.0
grandBatch128_jointsoft_00,joint_ce_off,decoder_temp_ev_macro_f1,handan,joint6_with_inv,32,INV,5,36,0.1388888888888889
grandBatch128_jointsoft_00,joint_ce_off,decoder_temp_ev_macro_f1,handan,joint6_with_inv,INV,00,0,0,
grandBatch128_jointsoft_00,joint_ce_off,decoder_temp_ev_macro_f1,handan,joint6_with_inv,INV,11,0,0,
grandBatch128_jointsoft_00,joint_ce_off,decoder_temp_ev_macro_f1,handan,joint6_with_inv,INV,12,0,0,
grandBatch128_jointsoft_00,joint_ce_off,decoder_temp_ev_macro_f1,handan,joint6_with_inv,INV,21,0,0,
grandBatch128_jointsoft_00,joint_ce_off,decoder_temp_ev_macro_f1,handan,joint6_with_inv,INV,22,0,0,
grandBatch128_jointsoft_00,joint_ce_off,decoder_temp_ev_macro_f1,handan,joint6_with_inv,INV,32,0,0,
grandBatch128_jointsoft_00,joint_ce_off,decoder_temp_ev_macro_f1,handan,joint6_with_inv,INV,INV,0,0,
grandBatch128_jointsoft_00,joint_ce_off,decoder_temp_ev_macro_f1,handan_have_bmi,joint6_with_inv,00,00,257,368,0.6983695652173914
grandBatch128_jointsoft_00,joint_ce_off,decoder_temp_ev_macro_f1,handan_have_bmi,joint6_with_inv,00,11,49,368,0.1331521739130435
grandBatch128_jointsoft_00,joint_ce_off,decoder_temp_ev_macro_f1,handan_have_bmi,joint6_with_inv,00,12,28,368,0.07608695652173914
grandBatch128_jointsoft_00,joint_ce_off,decoder_temp_ev_macro_f1,handan_have_bmi,joint6_with_inv,00,21,0,368,0.0
grandBatch128_jointsoft_00,joint_ce_off,decoder_temp_ev_macro_f1,handan_have_bmi,joint6_with_inv,00,22,9,368,0.024456521739130436
grandBatch128_jointsoft_00,joint_ce_off,decoder_temp_ev_macro_f1,handan_have_bmi,joint6_with_inv,00,32,0,368,0.0
grandBatch128_jointsoft_00,joint_ce_off,decoder_temp_ev_macro_f1,handan_have_bmi,joint6_with_inv,00,INV,25,368,0.06793478260869565
grandBatch128_jointsoft_00,joint_ce_off,decoder_temp_ev_macro_f1,handan_have_bmi,joint6_with_inv,11,00,2,2,1.0
grandBatch128_jointsoft_00,joint_ce_off,decoder_temp_ev_macro_f1,handan_have_bmi,joint6_with_inv,11,11,0,2,0.0
grandBatch128_jointsoft_00,joint_ce_off,decoder_temp_ev_macro_f1,handan_have_bmi,joint6_with_inv,11,12,0,2,0.0
grandBatch128_jointsoft_00,joint_ce_off,decoder_temp_ev_macro_f1,handan_have_bmi,joint6_with_inv,11,21,0,2,0.0
grandBatch128_jointsoft_00,joint_ce_off,decoder_temp_ev_macro_f1,handan_have_bmi,joint6_with_inv,11,22,0,2,0.0
grandBatch128_jointsoft_00,joint_ce_off,decoder_temp_ev_macro_f1,handan_have_bmi,joint6_with_inv,11,32,0,2,0.0
grandBatch128_jointsoft_00,joint_ce_off,decoder_temp_ev_macro_f1,handan_have_bmi,joint6_with_inv,11,INV,0,2,0.0
grandBatch128_jointsoft_00,joint_ce_off,decoder_temp_ev_macro_f1,handan_have_bmi,joint6_with_inv,12,00,1,3,0.3333333333333333
grandBatch128_jointsoft_00,joint_ce_off,decoder_temp_ev_macro_f1,handan_have_bmi,joint6_with_inv,12,11,1,3,0.3333333333333333
grandBatch128_jointsoft_00,joint_ce_off,decoder_temp_ev_macro_f1,handan_have_bmi,joint6_with_inv,12,12,1,3,0.3333333333333333
grandBatch128_jointsoft_00,joint_ce_off,decoder_temp_ev_macro_f1,handan_have_bmi,joint6_with_inv,12,21,0,3,0.0
grandBatch128_jointsoft_00,joint_ce_off,decoder_temp_ev_macro_f1,handan_have_bmi,joint6_with_inv,12,22,0,3,0.0
grandBatch128_jointsoft_00,joint_ce_off,decoder_temp_ev_macro_f1,handan_have_bmi,joint6_with_inv,12,32,0,3,0.0
grandBatch128_jointsoft_00,joint_ce_off,decoder_temp_ev_macro_f1,handan_have_bmi,joint6_with_inv,12,INV,0,3,0.0
grandBatch128_jointsoft_00,joint_ce_off,decoder_temp_ev_macro_f1,handan_have_bmi,joint6_with_inv,21,00,1,1,1.0
grandBatch128_jointsoft_00,joint_ce_off,decoder_temp_ev_macro_f1,handan_have_bmi,joint6_with_inv,21,11,0,1,0.0
grandBatch128_jointsoft_00,joint_ce_off,decoder_temp_ev_macro_f1,handan_have_bmi,joint6_with_inv,21,12,0,1,0.0
grandBatch128_jointsoft_00,joint_ce_off,decoder_temp_ev_macro_f1,handan_have_bmi,joint6_with_inv,21,21,0,1,0.0
grandBatch128_jointsoft_00,joint_ce_off,decoder_temp_ev_macro_f1,handan_have_bmi,joint6_with_inv,21,22,0,1,0.0
grandBatch128_jointsoft_00,joint_ce_off,decoder_temp_ev_macro_f1,handan_have_bmi,joint6_with_inv,21,32,0,1,0.0
grandBatch128_jointsoft_00,joint_ce_off,decoder_temp_ev_macro_f1,handan_have_bmi,joint6_with_inv,21,INV,0,1,0.0
grandBatch128_jointsoft_00,joint_ce_off,decoder_temp_ev_macro_f1,handan_have_bmi,joint6_with_inv,22,00,13,41,0.3170731707317073
grandBatch128_jointsoft_00,joint_ce_off,decoder_temp_ev_macro_f1,handan_have_bmi,joint6_with_inv,22,11,13,41,0.3170731707317073
grandBatch128_jointsoft_00,joint_ce_off,decoder_temp_ev_macro_f1,handan_have_bmi,joint6_with_inv,22,12,11,41,0.2682926829268293
grandBatch128_jointsoft_00,joint_ce_off,decoder_temp_ev_macro_f1,handan_have_bmi,joint6_with_inv,22,21,0,41,0.0
grandBatch128_jointsoft_00,joint_ce_off,decoder_temp_ev_macro_f1,handan_have_bmi,joint6_with_inv,22,22,1,41,0.024390243902439025
grandBatch128_jointsoft_00,joint_ce_off,decoder_temp_ev_macro_f1,handan_have_bmi,joint6_with_inv,22,32,0,41,0.0
grandBatch128_jointsoft_00,joint_ce_off,decoder_temp_ev_macro_f1,handan_have_bmi,joint6_with_inv,22,INV,3,41,0.07317073170731707
grandBatch128_jointsoft_00,joint_ce_off,decoder_temp_ev_macro_f1,handan_have_bmi,joint6_with_inv,32,00,11,31,0.3548387096774194
grandBatch128_jointsoft_00,joint_ce_off,decoder_temp_ev_macro_f1,handan_have_bmi,joint6_with_inv,32,11,7,31,0.22580645161290322
grandBatch128_jointsoft_00,joint_ce_off,decoder_temp_ev_macro_f1,handan_have_bmi,joint6_with_inv,32,12,8,31,0.25806451612903225
grandBatch128_jointsoft_00,joint_ce_off,decoder_temp_ev_macro_f1,handan_have_bmi,joint6_with_inv,32,21,0,31,0.0
grandBatch128_jointsoft_00,joint_ce_off,decoder_temp_ev_macro_f1,handan_have_bmi,joint6_with_inv,32,22,1,31,0.03225806451612903
grandBatch128_jointsoft_00,joint_ce_off,decoder_temp_ev_macro_f1,handan_have_bmi,joint6_with_inv,32,32,0,31,0.0
grandBatch128_jointsoft_00,joint_ce_off,decoder_temp_ev_macro_f1,handan_have_bmi,joint6_with_inv,32,INV,4,31,0.12903225806451613
grandBatch128_jointsoft_00,joint_ce_off,decoder_temp_ev_macro_f1,handan_have_bmi,joint6_with_inv,INV,00,0,0,
grandBatch128_jointsoft_00,joint_ce_off,decoder_temp_ev_macro_f1,handan_have_bmi,joint6_with_inv,INV,11,0,0,
grandBatch128_jointsoft_00,joint_ce_off,decoder_temp_ev_macro_f1,handan_have_bmi,joint6_with_inv,INV,12,0,0,
grandBatch128_jointsoft_00,joint_ce_off,decoder_temp_ev_macro_f1,handan_have_bmi,joint6_with_inv,INV,21,0,0,
grandBatch128_jointsoft_00,joint_ce_off,decoder_temp_ev_macro_f1,handan_have_bmi,joint6_with_inv,INV,22,0,0,
grandBatch128_jointsoft_00,joint_ce_off,decoder_temp_ev_macro_f1,handan_have_bmi,joint6_with_inv,INV,32,0,0,
grandBatch128_jointsoft_00,joint_ce_off,decoder_temp_ev_macro_f1,handan_have_bmi,joint6_with_inv,INV,INV,0,0,
grandBatch128_jointsoft_00,joint_ce_off,decoder_temp_ev_macro_f1,hebei,joint6_with_inv,00,00,154,154,1.0
grandBatch128_jointsoft_00,joint_ce_off,decoder_temp_ev_macro_f1,hebei,joint6_with_inv,00,11,0,154,0.0
grandBatch128_jointsoft_00,joint_ce_off,decoder_temp_ev_macro_f1,hebei,joint6_with_inv,00,12,0,154,0.0
grandBatch128_jointsoft_00,joint_ce_off,decoder_temp_ev_macro_f1,hebei,joint6_with_inv,00,21,0,154,0.0
grandBatch128_jointsoft_00,joint_ce_off,decoder_temp_ev_macro_f1,hebei,joint6_with_inv,00,22,0,154,0.0
grandBatch128_jointsoft_00,joint_ce_off,decoder_temp_ev_macro_f1,hebei,joint6_with_inv,00,32,0,154,0.0
grandBatch128_jointsoft_00,joint_ce_off,decoder_temp_ev_macro_f1,hebei,joint6_with_inv,00,INV,0,154,0.0
grandBatch128_jointsoft_00,joint_ce_off,decoder_temp_ev_macro_f1,hebei,joint6_with_inv,11,00,8,11,0.7272727272727273
grandBatch128_jointsoft_00,joint_ce_off,decoder_temp_ev_macro_f1,hebei,joint6_with_inv,11,11,2,11,0.18181818181818182
grandBatch128_jointsoft_00,joint_ce_off,decoder_temp_ev_macro_f1,hebei,joint6_with_inv,11,12,1,11,0.09090909090909091
grandBatch128_jointsoft_00,joint_ce_off,decoder_temp_ev_macro_f1,hebei,joint6_with_inv,11,21,0,11,0.0
grandBatch128_jointsoft_00,joint_ce_off,decoder_temp_ev_macro_f1,hebei,joint6_with_inv,11,22,0,11,0.0
grandBatch128_jointsoft_00,joint_ce_off,decoder_temp_ev_macro_f1,hebei,joint6_with_inv,11,32,0,11,0.0
grandBatch128_jointsoft_00,joint_ce_off,decoder_temp_ev_macro_f1,hebei,joint6_with_inv,11,INV,0,11,0.0
grandBatch128_jointsoft_00,joint_ce_off,decoder_temp_ev_macro_f1,hebei,joint6_with_inv,12,00,8,13,0.6153846153846154
grandBatch128_jointsoft_00,joint_ce_off,decoder_temp_ev_macro_f1,hebei,joint6_with_inv,12,11,4,13,0.3076923076923077
grandBatch128_jointsoft_00,joint_ce_off,decoder_temp_ev_macro_f1,hebei,joint6_with_inv,12,12,1,13,0.07692307692307693
grandBatch128_jointsoft_00,joint_ce_off,decoder_temp_ev_macro_f1,hebei,joint6_with_inv,12,21,0,13,0.0
grandBatch128_jointsoft_00,joint_ce_off,decoder_temp_ev_macro_f1,hebei,joint6_with_inv,12,22,0,13,0.0
grandBatch128_jointsoft_00,joint_ce_off,decoder_temp_ev_macro_f1,hebei,joint6_with_inv,12,32,0,13,0.0
grandBatch128_jointsoft_00,joint_ce_off,decoder_temp_ev_macro_f1,hebei,joint6_with_inv,12,INV,0,13,0.0
grandBatch128_jointsoft_00,joint_ce_off,decoder_temp_ev_macro_f1,hebei,joint6_with_inv,21,00,0,1,0.0
grandBatch128_jointsoft_00,joint_ce_off,decoder_temp_ev_macro_f1,hebei,joint6_with_inv,21,11,0,1,0.0
grandBatch128_jointsoft_00,joint_ce_off,decoder_temp_ev_macro_f1,hebei,joint6_with_inv,21,12,0,1,0.0
grandBatch128_jointsoft_00,joint_ce_off,decoder_temp_ev_macro_f1,hebei,joint6_with_inv,21,21,0,1,0.0
grandBatch128_jointsoft_00,joint_ce_off,decoder_temp_ev_macro_f1,hebei,joint6_with_inv,21,22,0,1,0.0
grandBatch128_jointsoft_00,joint_ce_off,decoder_temp_ev_macro_f1,hebei,joint6_with_inv,21,32,0,1,0.0
grandBatch128_jointsoft_00,joint_ce_off,decoder_temp_ev_macro_f1,hebei,joint6_with_inv,21,INV,1,1,1.0
grandBatch128_jointsoft_00,joint_ce_off,decoder_temp_ev_macro_f1,hebei,joint6_with_inv,22,00,5,16,0.3125
grandBatch128_jointsoft_00,joint_ce_off,decoder_temp_ev_macro_f1,hebei,joint6_with_inv,22,11,4,16,0.25
grandBatch128_jointsoft_00,joint_ce_off,decoder_temp_ev_macro_f1,hebei,joint6_with_inv,22,12,3,16,0.1875
grandBatch128_jointsoft_00,joint_ce_off,decoder_temp_ev_macro_f1,hebei,joint6_with_inv,22,21,0,16,0.0
grandBatch128_jointsoft_00,joint_ce_off,decoder_temp_ev_macro_f1,hebei,joint6_with_inv,22,22,0,16,0.0
grandBatch128_jointsoft_00,joint_ce_off,decoder_temp_ev_macro_f1,hebei,joint6_with_inv,22,32,0,16,0.0
grandBatch128_jointsoft_00,joint_ce_off,decoder_temp_ev_macro_f1,hebei,joint6_with_inv,22,INV,4,16,0.25
grandBatch128_jointsoft_00,joint_ce_off,decoder_temp_ev_macro_f1,hebei,joint6_with_inv,32,00,1,5,0.2
grandBatch128_jointsoft_00,joint_ce_off,decoder_temp_ev_macro_f1,hebei,joint6_with_inv,32,11,1,5,0.2
grandBatch128_jointsoft_00,joint_ce_off,decoder_temp_ev_macro_f1,hebei,joint6_with_inv,32,12,3,5,0.6
grandBatch128_jointsoft_00,joint_ce_off,decoder_temp_ev_macro_f1,hebei,joint6_with_inv,32,21,0,5,0.0
grandBatch128_jointsoft_00,joint_ce_off,decoder_temp_ev_macro_f1,hebei,joint6_with_inv,32,22,0,5,0.0
grandBatch128_jointsoft_00,joint_ce_off,decoder_temp_ev_macro_f1,hebei,joint6_with_inv,32,32,0,5,0.0
grandBatch128_jointsoft_00,joint_ce_off,decoder_temp_ev_macro_f1,hebei,joint6_with_inv,32,INV,0,5,0.0
grandBatch128_jointsoft_00,joint_ce_off,decoder_temp_ev_macro_f1,hebei,joint6_with_inv,INV,00,0,0,
grandBatch128_jointsoft_00,joint_ce_off,decoder_temp_ev_macro_f1,hebei,joint6_with_inv,INV,11,0,0,
grandBatch128_jointsoft_00,joint_ce_off,decoder_temp_ev_macro_f1,hebei,joint6_with_inv,INV,12,0,0,
grandBatch128_jointsoft_00,joint_ce_off,decoder_temp_ev_macro_f1,hebei,joint6_with_inv,INV,21,0,0,
grandBatch128_jointsoft_00,joint_ce_off,decoder_temp_ev_macro_f1,hebei,joint6_with_inv,INV,22,0,0,
grandBatch128_jointsoft_00,joint_ce_off,decoder_temp_ev_macro_f1,hebei,joint6_with_inv,INV,32,0,0,
grandBatch128_jointsoft_00,joint_ce_off,decoder_temp_ev_macro_f1,hebei,joint6_with_inv,INV,INV,0,0,
grandBatch128_jointsoft_00,joint_ce_off,decoder_temp_ev_macro_f1,hfirstALL,joint6_with_inv,00,00,36,51,0.7058823529411765
grandBatch128_jointsoft_00,joint_ce_off,decoder_temp_ev_macro_f1,hfirstALL,joint6_with_inv,00,11,6,51,0.11764705882352941
grandBatch128_jointsoft_00,joint_ce_off,decoder_temp_ev_macro_f1,hfirstALL,joint6_with_inv,00,12,6,51,0.11764705882352941
grandBatch128_jointsoft_00,joint_ce_off,decoder_temp_ev_macro_f1,hfirstALL,joint6_with_inv,00,21,0,51,0.0
grandBatch128_jointsoft_00,joint_ce_off,decoder_temp_ev_macro_f1,hfirstALL,joint6_with_inv,00,22,1,51,0.0196078431372549
grandBatch128_jointsoft_00,joint_ce_off,decoder_temp_ev_macro_f1,hfirstALL,joint6_with_inv,00,32,0,51,0.0
grandBatch128_jointsoft_00,joint_ce_off,decoder_temp_ev_macro_f1,hfirstALL,joint6_with_inv,00,INV,2,51,0.0392156862745098
grandBatch128_jointsoft_00,joint_ce_off,decoder_temp_ev_macro_f1,hfirstALL,joint6_with_inv,11,00,8,8,1.0
grandBatch128_jointsoft_00,joint_ce_off,decoder_temp_ev_macro_f1,hfirstALL,joint6_with_inv,11,11,0,8,0.0
grandBatch128_jointsoft_00,joint_ce_off,decoder_temp_ev_macro_f1,hfirstALL,joint6_with_inv,11,12,0,8,0.0
grandBatch128_jointsoft_00,joint_ce_off,decoder_temp_ev_macro_f1,hfirstALL,joint6_with_inv,11,21,0,8,0.0
grandBatch128_jointsoft_00,joint_ce_off,decoder_temp_ev_macro_f1,hfirstALL,joint6_with_inv,11,22,0,8,0.0
grandBatch128_jointsoft_00,joint_ce_off,decoder_temp_ev_macro_f1,hfirstALL,joint6_with_inv,11,32,0,8,0.0
grandBatch128_jointsoft_00,joint_ce_off,decoder_temp_ev_macro_f1,hfirstALL,joint6_with_inv,11,INV,0,8,0.0
grandBatch128_jointsoft_00,joint_ce_off,decoder_temp_ev_macro_f1,hfirstALL,joint6_with_inv,12,00,4,11,0.36363636363636365
grandBatch128_jointsoft_00,joint_ce_off,decoder_temp_ev_macro_f1,hfirstALL,joint6_with_inv,12,11,2,11,0.18181818181818182
grandBatch128_jointsoft_00,joint_ce_off,decoder_temp_ev_macro_f1,hfirstALL,joint6_with_inv,12,12,4,11,0.36363636363636365
grandBatch128_jointsoft_00,joint_ce_off,decoder_temp_ev_macro_f1,hfirstALL,joint6_with_inv,12,21,0,11,0.0
grandBatch128_jointsoft_00,joint_ce_off,decoder_temp_ev_macro_f1,hfirstALL,joint6_with_inv,12,22,1,11,0.09090909090909091
grandBatch128_jointsoft_00,joint_ce_off,decoder_temp_ev_macro_f1,hfirstALL,joint6_with_inv,12,32,0,11,0.0
grandBatch128_jointsoft_00,joint_ce_off,decoder_temp_ev_macro_f1,hfirstALL,joint6_with_inv,12,INV,0,11,0.0
grandBatch128_jointsoft_00,joint_ce_off,decoder_temp_ev_macro_f1,hfirstALL,joint6_with_inv,21,00,9,12,0.75
grandBatch128_jointsoft_00,joint_ce_off,decoder_temp_ev_macro_f1,hfirstALL,joint6_with_inv,21,11,2,12,0.16666666666666666
grandBatch128_jointsoft_00,joint_ce_off,decoder_temp_ev_macro_f1,hfirstALL,joint6_with_inv,21,12,1,12,0.08333333333333333
grandBatch128_jointsoft_00,joint_ce_off,decoder_temp_ev_macro_f1,hfirstALL,joint6_with_inv,21,21,0,12,0.0
grandBatch128_jointsoft_00,joint_ce_off,decoder_temp_ev_macro_f1,hfirstALL,joint6_with_inv,21,22,0,12,0.0
grandBatch128_jointsoft_00,joint_ce_off,decoder_temp_ev_macro_f1,hfirstALL,joint6_with_inv,21,32,0,12,0.0
grandBatch128_jointsoft_00,joint_ce_off,decoder_temp_ev_macro_f1,hfirstALL,joint6_with_inv,21,INV,0,12,0.0
grandBatch128_jointsoft_00,joint_ce_off,decoder_temp_ev_macro_f1,hfirstALL,joint6_with_inv,22,00,21,44,0.4772727272727273
grandBatch128_jointsoft_00,joint_ce_off,decoder_temp_ev_macro_f1,hfirstALL,joint6_with_inv,22,11,7,44,0.1590909090909091
grandBatch128_jointsoft_00,joint_ce_off,decoder_temp_ev_macro_f1,hfirstALL,joint6_with_inv,22,12,8,44,0.18181818181818182
grandBatch128_jointsoft_00,joint_ce_off,decoder_temp_ev_macro_f1,hfirstALL,joint6_with_inv,22,21,0,44,0.0
grandBatch128_jointsoft_00,joint_ce_off,decoder_temp_ev_macro_f1,hfirstALL,joint6_with_inv,22,22,6,44,0.13636363636363635
grandBatch128_jointsoft_00,joint_ce_off,decoder_temp_ev_macro_f1,hfirstALL,joint6_with_inv,22,32,0,44,0.0
grandBatch128_jointsoft_00,joint_ce_off,decoder_temp_ev_macro_f1,hfirstALL,joint6_with_inv,22,INV,2,44,0.045454545454545456
grandBatch128_jointsoft_00,joint_ce_off,decoder_temp_ev_macro_f1,hfirstALL,joint6_with_inv,32,00,39,95,0.4105263157894737
grandBatch128_jointsoft_00,joint_ce_off,decoder_temp_ev_macro_f1,hfirstALL,joint6_with_inv,32,11,19,95,0.2
grandBatch128_jointsoft_00,joint_ce_off,decoder_temp_ev_macro_f1,hfirstALL,joint6_with_inv,32,12,21,95,0.22105263157894736
grandBatch128_jointsoft_00,joint_ce_off,decoder_temp_ev_macro_f1,hfirstALL,joint6_with_inv,32,21,0,95,0.0
grandBatch128_jointsoft_00,joint_ce_off,decoder_temp_ev_macro_f1,hfirstALL,joint6_with_inv,32,22,5,95,0.05263157894736842
grandBatch128_jointsoft_00,joint_ce_off,decoder_temp_ev_macro_f1,hfirstALL,joint6_with_inv,32,32,2,95,0.021052631578947368
grandBatch128_jointsoft_00,joint_ce_off,decoder_temp_ev_macro_f1,hfirstALL,joint6_with_inv,32,INV,9,95,0.09473684210526316
grandBatch128_jointsoft_00,joint_ce_off,decoder_temp_ev_macro_f1,hfirstALL,joint6_with_inv,INV,00,0,0,
grandBatch128_jointsoft_00,joint_ce_off,decoder_temp_ev_macro_f1,hfirstALL,joint6_with_inv,INV,11,0,0,
grandBatch128_jointsoft_00,joint_ce_off,decoder_temp_ev_macro_f1,hfirstALL,joint6_with_inv,INV,12,0,0,
grandBatch128_jointsoft_00,joint_ce_off,decoder_temp_ev_macro_f1,hfirstALL,joint6_with_inv,INV,21,0,0,
grandBatch128_jointsoft_00,joint_ce_off,decoder_temp_ev_macro_f1,hfirstALL,joint6_with_inv,INV,22,0,0,
grandBatch128_jointsoft_00,joint_ce_off,decoder_temp_ev_macro_f1,hfirstALL,joint6_with_inv,INV,32,0,0,
grandBatch128_jointsoft_00,joint_ce_off,decoder_temp_ev_macro_f1,hfirstALL,joint6_with_inv,INV,INV,0,0,
grandBatch128_jointsoft_00,joint_ce_off,decoder_temp_ev_macro_f1,hfirstALL_have_bmi,joint6_with_inv,00,00,32,47,0.6808510638297872
grandBatch128_jointsoft_00,joint_ce_off,decoder_temp_ev_macro_f1,hfirstALL_have_bmi,joint6_with_inv,00,11,6,47,0.1276595744680851
grandBatch128_jointsoft_00,joint_ce_off,decoder_temp_ev_macro_f1,hfirstALL_have_bmi,joint6_with_inv,00,12,6,47,0.1276595744680851
grandBatch128_jointsoft_00,joint_ce_off,decoder_temp_ev_macro_f1,hfirstALL_have_bmi,joint6_with_inv,00,21,0,47,0.0
grandBatch128_jointsoft_00,joint_ce_off,decoder_temp_ev_macro_f1,hfirstALL_have_bmi,joint6_with_inv,00,22,1,47,0.02127659574468085
grandBatch128_jointsoft_00,joint_ce_off,decoder_temp_ev_macro_f1,hfirstALL_have_bmi,joint6_with_inv,00,32,0,47,0.0
grandBatch128_jointsoft_00,joint_ce_off,decoder_temp_ev_macro_f1,hfirstALL_have_bmi,joint6_with_inv,00,INV,2,47,0.0425531914893617
grandBatch128_jointsoft_00,joint_ce_off,decoder_temp_ev_macro_f1,hfirstALL_have_bmi,joint6_with_inv,11,00,7,7,1.0
grandBatch128_jointsoft_00,joint_ce_off,decoder_temp_ev_macro_f1,hfirstALL_have_bmi,joint6_with_inv,11,11,0,7,0.0
grandBatch128_jointsoft_00,joint_ce_off,decoder_temp_ev_macro_f1,hfirstALL_have_bmi,joint6_with_inv,11,12,0,7,0.0
grandBatch128_jointsoft_00,joint_ce_off,decoder_temp_ev_macro_f1,hfirstALL_have_bmi,joint6_with_inv,11,21,0,7,0.0
grandBatch128_jointsoft_00,joint_ce_off,decoder_temp_ev_macro_f1,hfirstALL_have_bmi,joint6_with_inv,11,22,0,7,0.0
grandBatch128_jointsoft_00,joint_ce_off,decoder_temp_ev_macro_f1,hfirstALL_have_bmi,joint6_with_inv,11,32,0,7,0.0
grandBatch128_jointsoft_00,joint_ce_off,decoder_temp_ev_macro_f1,hfirstALL_have_bmi,joint6_with_inv,11,INV,0,7,0.0
grandBatch128_jointsoft_00,joint_ce_off,decoder_temp_ev_macro_f1,hfirstALL_have_bmi,joint6_with_inv,12,00,4,11,0.36363636363636365
grandBatch128_jointsoft_00,joint_ce_off,decoder_temp_ev_macro_f1,hfirstALL_have_bmi,joint6_with_inv,12,11,2,11,0.18181818181818182
grandBatch128_jointsoft_00,joint_ce_off,decoder_temp_ev_macro_f1,hfirstALL_have_bmi,joint6_with_inv,12,12,4,11,0.36363636363636365
grandBatch128_jointsoft_00,joint_ce_off,decoder_temp_ev_macro_f1,hfirstALL_have_bmi,joint6_with_inv,12,21,0,11,0.0
grandBatch128_jointsoft_00,joint_ce_off,decoder_temp_ev_macro_f1,hfirstALL_have_bmi,joint6_with_inv,12,22,1,11,0.09090909090909091
grandBatch128_jointsoft_00,joint_ce_off,decoder_temp_ev_macro_f1,hfirstALL_have_bmi,joint6_with_inv,12,32,0,11,0.0
grandBatch128_jointsoft_00,joint_ce_off,decoder_temp_ev_macro_f1,hfirstALL_have_bmi,joint6_with_inv,12,INV,0,11,0.0
grandBatch128_jointsoft_00,joint_ce_off,decoder_temp_ev_macro_f1,hfirstALL_have_bmi,joint6_with_inv,21,00,8,11,0.7272727272727273
grandBatch128_jointsoft_00,joint_ce_off,decoder_temp_ev_macro_f1,hfirstALL_have_bmi,joint6_with_inv,21,11,2,11,0.18181818181818182
grandBatch128_jointsoft_00,joint_ce_off,decoder_temp_ev_macro_f1,hfirstALL_have_bmi,joint6_with_inv,21,12,1,11,0.09090909090909091
grandBatch128_jointsoft_00,joint_ce_off,decoder_temp_ev_macro_f1,hfirstALL_have_bmi,joint6_with_inv,21,21,0,11,0.0
grandBatch128_jointsoft_00,joint_ce_off,decoder_temp_ev_macro_f1,hfirstALL_have_bmi,joint6_with_inv,21,22,0,11,0.0
grandBatch128_jointsoft_00,joint_ce_off,decoder_temp_ev_macro_f1,hfirstALL_have_bmi,joint6_with_inv,21,32,0,11,0.0
grandBatch128_jointsoft_00,joint_ce_off,decoder_temp_ev_macro_f1,hfirstALL_have_bmi,joint6_with_inv,21,INV,0,11,0.0
grandBatch128_jointsoft_00,joint_ce_off,decoder_temp_ev_macro_f1,hfirstALL_have_bmi,joint6_with_inv,22,00,17,39,0.4358974358974359
grandBatch128_jointsoft_00,joint_ce_off,decoder_temp_ev_macro_f1,hfirstALL_have_bmi,joint6_with_inv,22,11,7,39,0.1794871794871795
grandBatch128_jointsoft_00,joint_ce_off,decoder_temp_ev_macro_f1,hfirstALL_have_bmi,joint6_with_inv,22,12,7,39,0.1794871794871795
grandBatch128_jointsoft_00,joint_ce_off,decoder_temp_ev_macro_f1,hfirstALL_have_bmi,joint6_with_inv,22,21,0,39,0.0
grandBatch128_jointsoft_00,joint_ce_off,decoder_temp_ev_macro_f1,hfirstALL_have_bmi,joint6_with_inv,22,22,6,39,0.15384615384615385
grandBatch128_jointsoft_00,joint_ce_off,decoder_temp_ev_macro_f1,hfirstALL_have_bmi,joint6_with_inv,22,32,0,39,0.0
grandBatch128_jointsoft_00,joint_ce_off,decoder_temp_ev_macro_f1,hfirstALL_have_bmi,joint6_with_inv,22,INV,2,39,0.05128205128205128
grandBatch128_jointsoft_00,joint_ce_off,decoder_temp_ev_macro_f1,hfirstALL_have_bmi,joint6_with_inv,32,00,32,88,0.36363636363636365
grandBatch128_jointsoft_00,joint_ce_off,decoder_temp_ev_macro_f1,hfirstALL_have_bmi,joint6_with_inv,32,11,19,88,0.2159090909090909
grandBatch128_jointsoft_00,joint_ce_off,decoder_temp_ev_macro_f1,hfirstALL_have_bmi,joint6_with_inv,32,12,21,88,0.23863636363636365
grandBatch128_jointsoft_00,joint_ce_off,decoder_temp_ev_macro_f1,hfirstALL_have_bmi,joint6_with_inv,32,21,0,88,0.0
grandBatch128_jointsoft_00,joint_ce_off,decoder_temp_ev_macro_f1,hfirstALL_have_bmi,joint6_with_inv,32,22,5,88,0.056818181818181816
grandBatch128_jointsoft_00,joint_ce_off,decoder_temp_ev_macro_f1,hfirstALL_have_bmi,joint6_with_inv,32,32,2,88,0.022727272727272728
grandBatch128_jointsoft_00,joint_ce_off,decoder_temp_ev_macro_f1,hfirstALL_have_bmi,joint6_with_inv,32,INV,9,88,0.10227272727272728
grandBatch128_jointsoft_00,joint_ce_off,decoder_temp_ev_macro_f1,hfirstALL_have_bmi,joint6_with_inv,INV,00,0,0,
grandBatch128_jointsoft_00,joint_ce_off,decoder_temp_ev_macro_f1,hfirstALL_have_bmi,joint6_with_inv,INV,11,0,0,
grandBatch128_jointsoft_00,joint_ce_off,decoder_temp_ev_macro_f1,hfirstALL_have_bmi,joint6_with_inv,INV,12,0,0,
grandBatch128_jointsoft_00,joint_ce_off,decoder_temp_ev_macro_f1,hfirstALL_have_bmi,joint6_with_inv,INV,21,0,0,
grandBatch128_jointsoft_00,joint_ce_off,decoder_temp_ev_macro_f1,hfirstALL_have_bmi,joint6_with_inv,INV,22,0,0,
grandBatch128_jointsoft_00,joint_ce_off,decoder_temp_ev_macro_f1,hfirstALL_have_bmi,joint6_with_inv,INV,32,0,0,
grandBatch128_jointsoft_00,joint_ce_off,decoder_temp_ev_macro_f1,hfirstALL_have_bmi,joint6_with_inv,INV,INV,0,0,
grandBatch128_jointsoft_00,joint_ce_off,decoder_temp_ev_macro_f1,internal,joint6_with_inv,00,00,919,1466,0.6268758526603001
grandBatch128_jointsoft_00,joint_ce_off,decoder_temp_ev_macro_f1,internal,joint6_with_inv,00,11,115,1466,0.07844474761255116
grandBatch128_jointsoft_00,joint_ce_off,decoder_temp_ev_macro_f1,internal,joint6_with_inv,00,12,273,1466,0.18622100954979537
grandBatch128_jointsoft_00,joint_ce_off,decoder_temp_ev_macro_f1,internal,joint6_with_inv,00,21,0,1466,0.0
grandBatch128_jointsoft_00,joint_ce_off,decoder_temp_ev_macro_f1,internal,joint6_with_inv,00,22,80,1466,0.054570259208731244
grandBatch128_jointsoft_00,joint_ce_off,decoder_temp_ev_macro_f1,internal,joint6_with_inv,00,32,12,1466,0.008185538881309686
grandBatch128_jointsoft_00,joint_ce_off,decoder_temp_ev_macro_f1,internal,joint6_with_inv,00,INV,67,1466,0.045702592087312414
grandBatch128_jointsoft_00,joint_ce_off,decoder_temp_ev_macro_f1,internal,joint6_with_inv,11,00,59,140,0.42142857142857143
grandBatch128_jointsoft_00,joint_ce_off,decoder_temp_ev_macro_f1,internal,joint6_with_inv,11,11,24,140,0.17142857142857143
grandBatch128_jointsoft_00,joint_ce_off,decoder_temp_ev_macro_f1,internal,joint6_with_inv,11,12,39,140,0.2785714285714286
grandBatch128_jointsoft_00,joint_ce_off,decoder_temp_ev_macro_f1,internal,joint6_with_inv,11,21,0,140,0.0
grandBatch128_jointsoft_00,joint_ce_off,decoder_temp_ev_macro_f1,internal,joint6_with_inv,11,22,5,140,0.03571428571428571
grandBatch128_jointsoft_00,joint_ce_off,decoder_temp_ev_macro_f1,internal,joint6_with_inv,11,32,5,140,0.03571428571428571
grandBatch128_jointsoft_00,joint_ce_off,decoder_temp_ev_macro_f1,internal,joint6_with_inv,11,INV,8,140,0.05714285714285714
grandBatch128_jointsoft_00,joint_ce_off,decoder_temp_ev_macro_f1,internal,joint6_with_inv,12,00,145,1244,0.11655948553054662
grandBatch128_jointsoft_00,joint_ce_off,decoder_temp_ev_macro_f1,internal,joint6_with_inv,12,11,165,1244,0.13263665594855306
grandBatch128_jointsoft_00,joint_ce_off,decoder_temp_ev_macro_f1,internal,joint6_with_inv,12,12,555,1244,0.44614147909967844
grandBatch128_jointsoft_00,joint_ce_off,decoder_temp_ev_macro_f1,internal,joint6_with_inv,12,21,0,1244,0.0
grandBatch128_jointsoft_00,joint_ce_off,decoder_temp_ev_macro_f1,internal,joint6_with_inv,12,22,277,1244,0.22266881028938906
grandBatch128_jointsoft_00,joint_ce_off,decoder_temp_ev_macro_f1,internal,joint6_with_inv,12,32,54,1244,0.04340836012861737
grandBatch128_jointsoft_00,joint_ce_off,decoder_temp_ev_macro_f1,internal,joint6_with_inv,12,INV,48,1244,0.03858520900321544
grandBatch128_jointsoft_00,joint_ce_off,decoder_temp_ev_macro_f1,internal,joint6_with_inv,21,00,17,51,0.3333333333333333
grandBatch128_jointsoft_00,joint_ce_off,decoder_temp_ev_macro_f1,internal,joint6_with_inv,21,11,13,51,0.2549019607843137
grandBatch128_jointsoft_00,joint_ce_off,decoder_temp_ev_macro_f1,internal,joint6_with_inv,21,12,17,51,0.3333333333333333
grandBatch128_jointsoft_00,joint_ce_off,decoder_temp_ev_macro_f1,internal,joint6_with_inv,21,21,0,51,0.0
grandBatch128_jointsoft_00,joint_ce_off,decoder_temp_ev_macro_f1,internal,joint6_with_inv,21,22,3,51,0.058823529411764705
grandBatch128_jointsoft_00,joint_ce_off,decoder_temp_ev_macro_f1,internal,joint6_with_inv,21,32,0,51,0.0
grandBatch128_jointsoft_00,joint_ce_off,decoder_temp_ev_macro_f1,internal,joint6_with_inv,21,INV,1,51,0.0196078431372549
grandBatch128_jointsoft_00,joint_ce_off,decoder_temp_ev_macro_f1,internal,joint6_with_inv,22,00,102,691,0.1476121562952243
grandBatch128_jointsoft_00,joint_ce_off,decoder_temp_ev_macro_f1,internal,joint6_with_inv,22,11,87,691,0.12590448625180897
grandBatch128_jointsoft_00,joint_ce_off,decoder_temp_ev_macro_f1,internal,joint6_with_inv,22,12,279,691,0.4037626628075253
grandBatch128_jointsoft_00,joint_ce_off,decoder_temp_ev_macro_f1,internal,joint6_with_inv,22,21,0,691,0.0
grandBatch128_jointsoft_00,joint_ce_off,decoder_temp_ev_macro_f1,internal,joint6_with_inv,22,22,153,691,0.22141823444283648
grandBatch128_jointsoft_00,joint_ce_off,decoder_temp_ev_macro_f1,internal,joint6_with_inv,22,32,42,691,0.060781476121562955
grandBatch128_jointsoft_00,joint_ce_off,decoder_temp_ev_macro_f1,internal,joint6_with_inv,22,INV,28,691,0.04052098408104197
grandBatch128_jointsoft_00,joint_ce_off,decoder_temp_ev_macro_f1,internal,joint6_with_inv,32,00,38,289,0.1314878892733564
grandBatch128_jointsoft_00,joint_ce_off,decoder_temp_ev_macro_f1,internal,joint6_with_inv,32,11,37,289,0.12802768166089964
grandBatch128_jointsoft_00,joint_ce_off,decoder_temp_ev_macro_f1,internal,joint6_with_inv,32,12,112,289,0.3875432525951557
grandBatch128_jointsoft_00,joint_ce_off,decoder_temp_ev_macro_f1,internal,joint6_with_inv,32,21,0,289,0.0
grandBatch128_jointsoft_00,joint_ce_off,decoder_temp_ev_macro_f1,internal,joint6_with_inv,32,22,71,289,0.24567474048442905
grandBatch128_jointsoft_00,joint_ce_off,decoder_temp_ev_macro_f1,internal,joint6_with_inv,32,32,24,289,0.08304498269896193
grandBatch128_jointsoft_00,joint_ce_off,decoder_temp_ev_macro_f1,internal,joint6_with_inv,32,INV,7,289,0.02422145328719723
grandBatch128_jointsoft_00,joint_ce_off,decoder_temp_ev_macro_f1,internal,joint6_with_inv,INV,00,0,0,
grandBatch128_jointsoft_00,joint_ce_off,decoder_temp_ev_macro_f1,internal,joint6_with_inv,INV,11,0,0,
grandBatch128_jointsoft_00,joint_ce_off,decoder_temp_ev_macro_f1,internal,joint6_with_inv,INV,12,0,0,
grandBatch128_jointsoft_00,joint_ce_off,decoder_temp_ev_macro_f1,internal,joint6_with_inv,INV,21,0,0,
grandBatch128_jointsoft_00,joint_ce_off,decoder_temp_ev_macro_f1,internal,joint6_with_inv,INV,22,0,0,
grandBatch128_jointsoft_00,joint_ce_off,decoder_temp_ev_macro_f1,internal,joint6_with_inv,INV,32,0,0,
grandBatch128_jointsoft_00,joint_ce_off,decoder_temp_ev_macro_f1,internal,joint6_with_inv,INV,INV,0,0,
grandBatch128_jointsoft_00,joint_ce_off,decoder_temp_threshold_composite,handan,joint6_with_inv,00,00,180,419,0.4295942720763723
grandBatch128_jointsoft_00,joint_ce_off,decoder_temp_threshold_composite,handan,joint6_with_inv,00,11,123,419,0.2935560859188544
grandBatch128_jointsoft_00,joint_ce_off,decoder_temp_threshold_composite,handan,joint6_with_inv,00,12,4,419,0.00954653937947494
grandBatch128_jointsoft_00,joint_ce_off,decoder_temp_threshold_composite,handan,joint6_with_inv,00,21,5,419,0.011933174224343675
grandBatch128_jointsoft_00,joint_ce_off,decoder_temp_threshold_composite,handan,joint6_with_inv,00,22,13,419,0.031026252983293555
grandBatch128_jointsoft_00,joint_ce_off,decoder_temp_threshold_composite,handan,joint6_with_inv,00,32,0,419,0.0
grandBatch128_jointsoft_00,joint_ce_off,decoder_temp_threshold_composite,handan,joint6_with_inv,00,INV,94,419,0.2243436754176611
grandBatch128_jointsoft_00,joint_ce_off,decoder_temp_threshold_composite,handan,joint6_with_inv,11,00,1,2,0.5
grandBatch128_jointsoft_00,joint_ce_off,decoder_temp_threshold_composite,handan,joint6_with_inv,11,11,0,2,0.0
grandBatch128_jointsoft_00,joint_ce_off,decoder_temp_threshold_composite,handan,joint6_with_inv,11,12,0,2,0.0
grandBatch128_jointsoft_00,joint_ce_off,decoder_temp_threshold_composite,handan,joint6_with_inv,11,21,0,2,0.0
grandBatch128_jointsoft_00,joint_ce_off,decoder_temp_threshold_composite,handan,joint6_with_inv,11,22,0,2,0.0
grandBatch128_jointsoft_00,joint_ce_off,decoder_temp_threshold_composite,handan,joint6_with_inv,11,32,0,2,0.0
grandBatch128_jointsoft_00,joint_ce_off,decoder_temp_threshold_composite,handan,joint6_with_inv,11,INV,1,2,0.5
grandBatch128_jointsoft_00,joint_ce_off,decoder_temp_threshold_composite,handan,joint6_with_inv,12,00,0,3,0.0
grandBatch128_jointsoft_00,joint_ce_off,decoder_temp_threshold_composite,handan,joint6_with_inv,12,11,2,3,0.6666666666666666
grandBatch128_jointsoft_00,joint_ce_off,decoder_temp_threshold_composite,handan,joint6_with_inv,12,12,1,3,0.3333333333333333
grandBatch128_jointsoft_00,joint_ce_off,decoder_temp_threshold_composite,handan,joint6_with_inv,12,21,0,3,0.0
grandBatch128_jointsoft_00,joint_ce_off,decoder_temp_threshold_composite,handan,joint6_with_inv,12,22,0,3,0.0
grandBatch128_jointsoft_00,joint_ce_off,decoder_temp_threshold_composite,handan,joint6_with_inv,12,32,0,3,0.0
grandBatch128_jointsoft_00,joint_ce_off,decoder_temp_threshold_composite,handan,joint6_with_inv,12,INV,0,3,0.0
grandBatch128_jointsoft_00,joint_ce_off,decoder_temp_threshold_composite,handan,joint6_with_inv,21,00,1,1,1.0
grandBatch128_jointsoft_00,joint_ce_off,decoder_temp_threshold_composite,handan,joint6_with_inv,21,11,0,1,0.0
grandBatch128_jointsoft_00,joint_ce_off,decoder_temp_threshold_composite,handan,joint6_with_inv,21,12,0,1,0.0
grandBatch128_jointsoft_00,joint_ce_off,decoder_temp_threshold_composite,handan,joint6_with_inv,21,21,0,1,0.0
grandBatch128_jointsoft_00,joint_ce_off,decoder_temp_threshold_composite,handan,joint6_with_inv,21,22,0,1,0.0
grandBatch128_jointsoft_00,joint_ce_off,decoder_temp_threshold_composite,handan,joint6_with_inv,21,32,0,1,0.0
grandBatch128_jointsoft_00,joint_ce_off,decoder_temp_threshold_composite,handan,joint6_with_inv,21,INV,0,1,0.0
grandBatch128_jointsoft_00,joint_ce_off,decoder_temp_threshold_composite,handan,joint6_with_inv,22,00,4,45,0.08888888888888889
grandBatch128_jointsoft_00,joint_ce_off,decoder_temp_threshold_composite,handan,joint6_with_inv,22,11,27,45,0.6
grandBatch128_jointsoft_00,joint_ce_off,decoder_temp_threshold_composite,handan,joint6_with_inv,22,12,1,45,0.022222222222222223
grandBatch128_jointsoft_00,joint_ce_off,decoder_temp_threshold_composite,handan,joint6_with_inv,22,21,0,45,0.0
grandBatch128_jointsoft_00,joint_ce_off,decoder_temp_threshold_composite,handan,joint6_with_inv,22,22,5,45,0.1111111111111111
grandBatch128_jointsoft_00,joint_ce_off,decoder_temp_threshold_composite,handan,joint6_with_inv,22,32,0,45,0.0
grandBatch128_jointsoft_00,joint_ce_off,decoder_temp_threshold_composite,handan,joint6_with_inv,22,INV,8,45,0.17777777777777778
grandBatch128_jointsoft_00,joint_ce_off,decoder_temp_threshold_composite,handan,joint6_with_inv,32,00,10,36,0.2777777777777778
grandBatch128_jointsoft_00,joint_ce_off,decoder_temp_threshold_composite,handan,joint6_with_inv,32,11,17,36,0.4722222222222222
grandBatch128_jointsoft_00,joint_ce_off,decoder_temp_threshold_composite,handan,joint6_with_inv,32,12,2,36,0.05555555555555555
grandBatch128_jointsoft_00,joint_ce_off,decoder_temp_threshold_composite,handan,joint6_with_inv,32,21,0,36,0.0
grandBatch128_jointsoft_00,joint_ce_off,decoder_temp_threshold_composite,handan,joint6_with_inv,32,22,3,36,0.08333333333333333
grandBatch128_jointsoft_00,joint_ce_off,decoder_temp_threshold_composite,handan,joint6_with_inv,32,32,0,36,0.0
grandBatch128_jointsoft_00,joint_ce_off,decoder_temp_threshold_composite,handan,joint6_with_inv,32,INV,4,36,0.1111111111111111
grandBatch128_jointsoft_00,joint_ce_off,decoder_temp_threshold_composite,handan,joint6_with_inv,INV,00,0,0,
grandBatch128_jointsoft_00,joint_ce_off,decoder_temp_threshold_composite,handan,joint6_with_inv,INV,11,0,0,
grandBatch128_jointsoft_00,joint_ce_off,decoder_temp_threshold_composite,handan,joint6_with_inv,INV,12,0,0,
grandBatch128_jointsoft_00,joint_ce_off,decoder_temp_threshold_composite,handan,joint6_with_inv,INV,21,0,0,
grandBatch128_jointsoft_00,joint_ce_off,decoder_temp_threshold_composite,handan,joint6_with_inv,INV,22,0,0,
grandBatch128_jointsoft_00,joint_ce_off,decoder_temp_threshold_composite,handan,joint6_with_inv,INV,32,0,0,
grandBatch128_jointsoft_00,joint_ce_off,decoder_temp_threshold_composite,handan,joint6_with_inv,INV,INV,0,0,
grandBatch128_jointsoft_00,joint_ce_off,decoder_temp_threshold_composite,handan_have_bmi,joint6_with_inv,00,00,148,368,0.40217391304347827
grandBatch128_jointsoft_00,joint_ce_off,decoder_temp_threshold_composite,handan_have_bmi,joint6_with_inv,00,11,110,368,0.29891304347826086
grandBatch128_jointsoft_00,joint_ce_off,decoder_temp_threshold_composite,handan_have_bmi,joint6_with_inv,00,12,4,368,0.010869565217391304
grandBatch128_jointsoft_00,joint_ce_off,decoder_temp_threshold_composite,handan_have_bmi,joint6_with_inv,00,21,4,368,0.010869565217391304
grandBatch128_jointsoft_00,joint_ce_off,decoder_temp_threshold_composite,handan_have_bmi,joint6_with_inv,00,22,13,368,0.035326086956521736
grandBatch128_jointsoft_00,joint_ce_off,decoder_temp_threshold_composite,handan_have_bmi,joint6_with_inv,00,32,0,368,0.0
grandBatch128_jointsoft_00,joint_ce_off,decoder_temp_threshold_composite,handan_have_bmi,joint6_with_inv,00,INV,89,368,0.2418478260869565
grandBatch128_jointsoft_00,joint_ce_off,decoder_temp_threshold_composite,handan_have_bmi,joint6_with_inv,11,00,1,2,0.5
grandBatch128_jointsoft_00,joint_ce_off,decoder_temp_threshold_composite,handan_have_bmi,joint6_with_inv,11,11,0,2,0.0
grandBatch128_jointsoft_00,joint_ce_off,decoder_temp_threshold_composite,handan_have_bmi,joint6_with_inv,11,12,0,2,0.0
grandBatch128_jointsoft_00,joint_ce_off,decoder_temp_threshold_composite,handan_have_bmi,joint6_with_inv,11,21,0,2,0.0
grandBatch128_jointsoft_00,joint_ce_off,decoder_temp_threshold_composite,handan_have_bmi,joint6_with_inv,11,22,0,2,0.0
grandBatch128_jointsoft_00,joint_ce_off,decoder_temp_threshold_composite,handan_have_bmi,joint6_with_inv,11,32,0,2,0.0
grandBatch128_jointsoft_00,joint_ce_off,decoder_temp_threshold_composite,handan_have_bmi,joint6_with_inv,11,INV,1,2,0.5
grandBatch128_jointsoft_00,joint_ce_off,decoder_temp_threshold_composite,handan_have_bmi,joint6_with_inv,12,00,0,3,0.0
grandBatch128_jointsoft_00,joint_ce_off,decoder_temp_threshold_composite,handan_have_bmi,joint6_with_inv,12,11,2,3,0.6666666666666666
grandBatch128_jointsoft_00,joint_ce_off,decoder_temp_threshold_composite,handan_have_bmi,joint6_with_inv,12,12,1,3,0.3333333333333333
grandBatch128_jointsoft_00,joint_ce_off,decoder_temp_threshold_composite,handan_have_bmi,joint6_with_inv,12,21,0,3,0.0
grandBatch128_jointsoft_00,joint_ce_off,decoder_temp_threshold_composite,handan_have_bmi,joint6_with_inv,12,22,0,3,0.0
grandBatch128_jointsoft_00,joint_ce_off,decoder_temp_threshold_composite,handan_have_bmi,joint6_with_inv,12,32,0,3,0.0
grandBatch128_jointsoft_00,joint_ce_off,decoder_temp_threshold_composite,handan_have_bmi,joint6_with_inv,12,INV,0,3,0.0
grandBatch128_jointsoft_00,joint_ce_off,decoder_temp_threshold_composite,handan_have_bmi,joint6_with_inv,21,00,1,1,1.0
grandBatch128_jointsoft_00,joint_ce_off,decoder_temp_threshold_composite,handan_have_bmi,joint6_with_inv,21,11,0,1,0.0
grandBatch128_jointsoft_00,joint_ce_off,decoder_temp_threshold_composite,handan_have_bmi,joint6_with_inv,21,12,0,1,0.0
grandBatch128_jointsoft_00,joint_ce_off,decoder_temp_threshold_composite,handan_have_bmi,joint6_with_inv,21,21,0,1,0.0
grandBatch128_jointsoft_00,joint_ce_off,decoder_temp_threshold_composite,handan_have_bmi,joint6_with_inv,21,22,0,1,0.0
grandBatch128_jointsoft_00,joint_ce_off,decoder_temp_threshold_composite,handan_have_bmi,joint6_with_inv,21,32,0,1,0.0
grandBatch128_jointsoft_00,joint_ce_off,decoder_temp_threshold_composite,handan_have_bmi,joint6_with_inv,21,INV,0,1,0.0
grandBatch128_jointsoft_00,joint_ce_off,decoder_temp_threshold_composite,handan_have_bmi,joint6_with_inv,22,00,3,41,0.07317073170731707
grandBatch128_jointsoft_00,joint_ce_off,decoder_temp_threshold_composite,handan_have_bmi,joint6_with_inv,22,11,25,41,0.6097560975609756
grandBatch128_jointsoft_00,joint_ce_off,decoder_temp_threshold_composite,handan_have_bmi,joint6_with_inv,22,12,1,41,0.024390243902439025
grandBatch128_jointsoft_00,joint_ce_off,decoder_temp_threshold_composite,handan_have_bmi,joint6_with_inv,22,21,0,41,0.0
grandBatch128_jointsoft_00,joint_ce_off,decoder_temp_threshold_composite,handan_have_bmi,joint6_with_inv,22,22,5,41,0.12195121951219512
grandBatch128_jointsoft_00,joint_ce_off,decoder_temp_threshold_composite,handan_have_bmi,joint6_with_inv,22,32,0,41,0.0
grandBatch128_jointsoft_00,joint_ce_off,decoder_temp_threshold_composite,handan_have_bmi,joint6_with_inv,22,INV,7,41,0.17073170731707318
grandBatch128_jointsoft_00,joint_ce_off,decoder_temp_threshold_composite,handan_have_bmi,joint6_with_inv,32,00,8,31,0.25806451612903225
grandBatch128_jointsoft_00,joint_ce_off,decoder_temp_threshold_composite,handan_have_bmi,joint6_with_inv,32,11,15,31,0.4838709677419355
grandBatch128_jointsoft_00,joint_ce_off,decoder_temp_threshold_composite,handan_have_bmi,joint6_with_inv,32,12,2,31,0.06451612903225806
grandBatch128_jointsoft_00,joint_ce_off,decoder_temp_threshold_composite,handan_have_bmi,joint6_with_inv,32,21,0,31,0.0
grandBatch128_jointsoft_00,joint_ce_off,decoder_temp_threshold_composite,handan_have_bmi,joint6_with_inv,32,22,3,31,0.0967741935483871
grandBatch128_jointsoft_00,joint_ce_off,decoder_temp_threshold_composite,handan_have_bmi,joint6_with_inv,32,32,0,31,0.0
grandBatch128_jointsoft_00,joint_ce_off,decoder_temp_threshold_composite,handan_have_bmi,joint6_with_inv,32,INV,3,31,0.0967741935483871
grandBatch128_jointsoft_00,joint_ce_off,decoder_temp_threshold_composite,handan_have_bmi,joint6_with_inv,INV,00,0,0,
grandBatch128_jointsoft_00,joint_ce_off,decoder_temp_threshold_composite,handan_have_bmi,joint6_with_inv,INV,11,0,0,
grandBatch128_jointsoft_00,joint_ce_off,decoder_temp_threshold_composite,handan_have_bmi,joint6_with_inv,INV,12,0,0,
grandBatch128_jointsoft_00,joint_ce_off,decoder_temp_threshold_composite,handan_have_bmi,joint6_with_inv,INV,21,0,0,
grandBatch128_jointsoft_00,joint_ce_off,decoder_temp_threshold_composite,handan_have_bmi,joint6_with_inv,INV,22,0,0,
grandBatch128_jointsoft_00,joint_ce_off,decoder_temp_threshold_composite,handan_have_bmi,joint6_with_inv,INV,32,0,0,
grandBatch128_jointsoft_00,joint_ce_off,decoder_temp_threshold_composite,handan_have_bmi,joint6_with_inv,INV,INV,0,0,
grandBatch128_jointsoft_00,joint_ce_off,decoder_temp_threshold_composite,hebei,joint6_with_inv,00,00,144,154,0.935064935064935
grandBatch128_jointsoft_00,joint_ce_off,decoder_temp_threshold_composite,hebei,joint6_with_inv,00,11,1,154,0.006493506493506494
grandBatch128_jointsoft_00,joint_ce_off,decoder_temp_threshold_composite,hebei,joint6_with_inv,00,12,0,154,0.0
grandBatch128_jointsoft_00,joint_ce_off,decoder_temp_threshold_composite,hebei,joint6_with_inv,00,21,0,154,0.0
grandBatch128_jointsoft_00,joint_ce_off,decoder_temp_threshold_composite,hebei,joint6_with_inv,00,22,0,154,0.0
grandBatch128_jointsoft_00,joint_ce_off,decoder_temp_threshold_composite,hebei,joint6_with_inv,00,32,0,154,0.0
grandBatch128_jointsoft_00,joint_ce_off,decoder_temp_threshold_composite,hebei,joint6_with_inv,00,INV,9,154,0.05844155844155844
grandBatch128_jointsoft_00,joint_ce_off,decoder_temp_threshold_composite,hebei,joint6_with_inv,11,00,6,11,0.5454545454545454
grandBatch128_jointsoft_00,joint_ce_off,decoder_temp_threshold_composite,hebei,joint6_with_inv,11,11,3,11,0.2727272727272727
grandBatch128_jointsoft_00,joint_ce_off,decoder_temp_threshold_composite,hebei,joint6_with_inv,11,12,0,11,0.0
grandBatch128_jointsoft_00,joint_ce_off,decoder_temp_threshold_composite,hebei,joint6_with_inv,11,21,0,11,0.0
grandBatch128_jointsoft_00,joint_ce_off,decoder_temp_threshold_composite,hebei,joint6_with_inv,11,22,0,11,0.0
grandBatch128_jointsoft_00,joint_ce_off,decoder_temp_threshold_composite,hebei,joint6_with_inv,11,32,0,11,0.0
grandBatch128_jointsoft_00,joint_ce_off,decoder_temp_threshold_composite,hebei,joint6_with_inv,11,INV,2,11,0.18181818181818182
grandBatch128_jointsoft_00,joint_ce_off,decoder_temp_threshold_composite,hebei,joint6_with_inv,12,00,4,13,0.3076923076923077
grandBatch128_jointsoft_00,joint_ce_off,decoder_temp_threshold_composite,hebei,joint6_with_inv,12,11,6,13,0.46153846153846156
grandBatch128_jointsoft_00,joint_ce_off,decoder_temp_threshold_composite,hebei,joint6_with_inv,12,12,0,13,0.0
grandBatch128_jointsoft_00,joint_ce_off,decoder_temp_threshold_composite,hebei,joint6_with_inv,12,21,1,13,0.07692307692307693
grandBatch128_jointsoft_00,joint_ce_off,decoder_temp_threshold_composite,hebei,joint6_with_inv,12,22,0,13,0.0
grandBatch128_jointsoft_00,joint_ce_off,decoder_temp_threshold_composite,hebei,joint6_with_inv,12,32,0,13,0.0
grandBatch128_jointsoft_00,joint_ce_off,decoder_temp_threshold_composite,hebei,joint6_with_inv,12,INV,2,13,0.15384615384615385
grandBatch128_jointsoft_00,joint_ce_off,decoder_temp_threshold_composite,hebei,joint6_with_inv,21,00,0,1,0.0
grandBatch128_jointsoft_00,joint_ce_off,decoder_temp_threshold_composite,hebei,joint6_with_inv,21,11,1,1,1.0
grandBatch128_jointsoft_00,joint_ce_off,decoder_temp_threshold_composite,hebei,joint6_with_inv,21,12,0,1,0.0
grandBatch128_jointsoft_00,joint_ce_off,decoder_temp_threshold_composite,hebei,joint6_with_inv,21,21,0,1,0.0
grandBatch128_jointsoft_00,joint_ce_off,decoder_temp_threshold_composite,hebei,joint6_with_inv,21,22,0,1,0.0
grandBatch128_jointsoft_00,joint_ce_off,decoder_temp_threshold_composite,hebei,joint6_with_inv,21,32,0,1,0.0
grandBatch128_jointsoft_00,joint_ce_off,decoder_temp_threshold_composite,hebei,joint6_with_inv,21,INV,0,1,0.0
grandBatch128_jointsoft_00,joint_ce_off,decoder_temp_threshold_composite,hebei,joint6_with_inv,22,00,1,16,0.0625
grandBatch128_jointsoft_00,joint_ce_off,decoder_temp_threshold_composite,hebei,joint6_with_inv,22,11,12,16,0.75
grandBatch128_jointsoft_00,joint_ce_off,decoder_temp_threshold_composite,hebei,joint6_with_inv,22,12,0,16,0.0
grandBatch128_jointsoft_00,joint_ce_off,decoder_temp_threshold_composite,hebei,joint6_with_inv,22,21,0,16,0.0
grandBatch128_jointsoft_00,joint_ce_off,decoder_temp_threshold_composite,hebei,joint6_with_inv,22,22,0,16,0.0
grandBatch128_jointsoft_00,joint_ce_off,decoder_temp_threshold_composite,hebei,joint6_with_inv,22,32,0,16,0.0
grandBatch128_jointsoft_00,joint_ce_off,decoder_temp_threshold_composite,hebei,joint6_with_inv,22,INV,3,16,0.1875
grandBatch128_jointsoft_00,joint_ce_off,decoder_temp_threshold_composite,hebei,joint6_with_inv,32,00,0,5,0.0
grandBatch128_jointsoft_00,joint_ce_off,decoder_temp_threshold_composite,hebei,joint6_with_inv,32,11,2,5,0.4
grandBatch128_jointsoft_00,joint_ce_off,decoder_temp_threshold_composite,hebei,joint6_with_inv,32,12,1,5,0.2
grandBatch128_jointsoft_00,joint_ce_off,decoder_temp_threshold_composite,hebei,joint6_with_inv,32,21,0,5,0.0
grandBatch128_jointsoft_00,joint_ce_off,decoder_temp_threshold_composite,hebei,joint6_with_inv,32,22,2,5,0.4
grandBatch128_jointsoft_00,joint_ce_off,decoder_temp_threshold_composite,hebei,joint6_with_inv,32,32,0,5,0.0
grandBatch128_jointsoft_00,joint_ce_off,decoder_temp_threshold_composite,hebei,joint6_with_inv,32,INV,0,5,0.0
grandBatch128_jointsoft_00,joint_ce_off,decoder_temp_threshold_composite,hebei,joint6_with_inv,INV,00,0,0,
grandBatch128_jointsoft_00,joint_ce_off,decoder_temp_threshold_composite,hebei,joint6_with_inv,INV,11,0,0,
grandBatch128_jointsoft_00,joint_ce_off,decoder_temp_threshold_composite,hebei,joint6_with_inv,INV,12,0,0,
grandBatch128_jointsoft_00,joint_ce_off,decoder_temp_threshold_composite,hebei,joint6_with_inv,INV,21,0,0,
grandBatch128_jointsoft_00,joint_ce_off,decoder_temp_threshold_composite,hebei,joint6_with_inv,INV,22,0,0,
grandBatch128_jointsoft_00,joint_ce_off,decoder_temp_threshold_composite,hebei,joint6_with_inv,INV,32,0,0,
grandBatch128_jointsoft_00,joint_ce_off,decoder_temp_threshold_composite,hebei,joint6_with_inv,INV,INV,0,0,
grandBatch128_jointsoft_00,joint_ce_off,decoder_temp_threshold_composite,hfirstALL,joint6_with_inv,00,00,18,51,0.35294117647058826
grandBatch128_jointsoft_00,joint_ce_off,decoder_temp_threshold_composite,hfirstALL,joint6_with_inv,00,11,16,51,0.3137254901960784
grandBatch128_jointsoft_00,joint_ce_off,decoder_temp_threshold_composite,hfirstALL,joint6_with_inv,00,12,1,51,0.0196078431372549
grandBatch128_jointsoft_00,joint_ce_off,decoder_temp_threshold_composite,hfirstALL,joint6_with_inv,00,21,0,51,0.0
grandBatch128_jointsoft_00,joint_ce_off,decoder_temp_threshold_composite,hfirstALL,joint6_with_inv,00,22,3,51,0.058823529411764705
grandBatch128_jointsoft_00,joint_ce_off,decoder_temp_threshold_composite,hfirstALL,joint6_with_inv,00,32,0,51,0.0
grandBatch128_jointsoft_00,joint_ce_off,decoder_temp_threshold_composite,hfirstALL,joint6_with_inv,00,INV,13,51,0.2549019607843137
grandBatch128_jointsoft_00,joint_ce_off,decoder_temp_threshold_composite,hfirstALL,joint6_with_inv,11,00,5,8,0.625
grandBatch128_jointsoft_00,joint_ce_off,decoder_temp_threshold_composite,hfirstALL,joint6_with_inv,11,11,0,8,0.0
grandBatch128_jointsoft_00,joint_ce_off,decoder_temp_threshold_composite,hfirstALL,joint6_with_inv,11,12,0,8,0.0
grandBatch128_jointsoft_00,joint_ce_off,decoder_temp_threshold_composite,hfirstALL,joint6_with_inv,11,21,0,8,0.0
grandBatch128_jointsoft_00,joint_ce_off,decoder_temp_threshold_composite,hfirstALL,joint6_with_inv,11,22,0,8,0.0
grandBatch128_jointsoft_00,joint_ce_off,decoder_temp_threshold_composite,hfirstALL,joint6_with_inv,11,32,0,8,0.0
grandBatch128_jointsoft_00,joint_ce_off,decoder_temp_threshold_composite,hfirstALL,joint6_with_inv,11,INV,3,8,0.375
grandBatch128_jointsoft_00,joint_ce_off,decoder_temp_threshold_composite,hfirstALL,joint6_with_inv,12,00,2,11,0.18181818181818182
grandBatch128_jointsoft_00,joint_ce_off,decoder_temp_threshold_composite,hfirstALL,joint6_with_inv,12,11,8,11,0.7272727272727273
grandBatch128_jointsoft_00,joint_ce_off,decoder_temp_threshold_composite,hfirstALL,joint6_with_inv,12,12,0,11,0.0
grandBatch128_jointsoft_00,joint_ce_off,decoder_temp_threshold_composite,hfirstALL,joint6_with_inv,12,21,0,11,0.0
grandBatch128_jointsoft_00,joint_ce_off,decoder_temp_threshold_composite,hfirstALL,joint6_with_inv,12,22,1,11,0.09090909090909091
grandBatch128_jointsoft_00,joint_ce_off,decoder_temp_threshold_composite,hfirstALL,joint6_with_inv,12,32,0,11,0.0
grandBatch128_jointsoft_00,joint_ce_off,decoder_temp_threshold_composite,hfirstALL,joint6_with_inv,12,INV,0,11,0.0
grandBatch128_jointsoft_00,joint_ce_off,decoder_temp_threshold_composite,hfirstALL,joint6_with_inv,21,00,6,12,0.5
grandBatch128_jointsoft_00,joint_ce_off,decoder_temp_threshold_composite,hfirstALL,joint6_with_inv,21,11,5,12,0.4166666666666667
grandBatch128_jointsoft_00,joint_ce_off,decoder_temp_threshold_composite,hfirstALL,joint6_with_inv,21,12,0,12,0.0
grandBatch128_jointsoft_00,joint_ce_off,decoder_temp_threshold_composite,hfirstALL,joint6_with_inv,21,21,0,12,0.0
grandBatch128_jointsoft_00,joint_ce_off,decoder_temp_threshold_composite,hfirstALL,joint6_with_inv,21,22,0,12,0.0
grandBatch128_jointsoft_00,joint_ce_off,decoder_temp_threshold_composite,hfirstALL,joint6_with_inv,21,32,0,12,0.0
grandBatch128_jointsoft_00,joint_ce_off,decoder_temp_threshold_composite,hfirstALL,joint6_with_inv,21,INV,1,12,0.08333333333333333
grandBatch128_jointsoft_00,joint_ce_off,decoder_temp_threshold_composite,hfirstALL,joint6_with_inv,22,00,7,44,0.1590909090909091
grandBatch128_jointsoft_00,joint_ce_off,decoder_temp_threshold_composite,hfirstALL,joint6_with_inv,22,11,19,44,0.4318181818181818
grandBatch128_jointsoft_00,joint_ce_off,decoder_temp_threshold_composite,hfirstALL,joint6_with_inv,22,12,2,44,0.045454545454545456
grandBatch128_jointsoft_00,joint_ce_off,decoder_temp_threshold_composite,hfirstALL,joint6_with_inv,22,21,1,44,0.022727272727272728
grandBatch128_jointsoft_00,joint_ce_off,decoder_temp_threshold_composite,hfirstALL,joint6_with_inv,22,22,6,44,0.13636363636363635
grandBatch128_jointsoft_00,joint_ce_off,decoder_temp_threshold_composite,hfirstALL,joint6_with_inv,22,32,0,44,0.0
grandBatch128_jointsoft_00,joint_ce_off,decoder_temp_threshold_composite,hfirstALL,joint6_with_inv,22,INV,9,44,0.20454545454545456
grandBatch128_jointsoft_00,joint_ce_off,decoder_temp_threshold_composite,hfirstALL,joint6_with_inv,32,00,19,95,0.2
grandBatch128_jointsoft_00,joint_ce_off,decoder_temp_threshold_composite,hfirstALL,joint6_with_inv,32,11,46,95,0.4842105263157895
grandBatch128_jointsoft_00,joint_ce_off,decoder_temp_threshold_composite,hfirstALL,joint6_with_inv,32,12,4,95,0.042105263157894736
grandBatch128_jointsoft_00,joint_ce_off,decoder_temp_threshold_composite,hfirstALL,joint6_with_inv,32,21,0,95,0.0
grandBatch128_jointsoft_00,joint_ce_off,decoder_temp_threshold_composite,hfirstALL,joint6_with_inv,32,22,12,95,0.12631578947368421
grandBatch128_jointsoft_00,joint_ce_off,decoder_temp_threshold_composite,hfirstALL,joint6_with_inv,32,32,0,95,0.0
grandBatch128_jointsoft_00,joint_ce_off,decoder_temp_threshold_composite,hfirstALL,joint6_with_inv,32,INV,14,95,0.14736842105263157
grandBatch128_jointsoft_00,joint_ce_off,decoder_temp_threshold_composite,hfirstALL,joint6_with_inv,INV,00,0,0,
grandBatch128_jointsoft_00,joint_ce_off,decoder_temp_threshold_composite,hfirstALL,joint6_with_inv,INV,11,0,0,
grandBatch128_jointsoft_00,joint_ce_off,decoder_temp_threshold_composite,hfirstALL,joint6_with_inv,INV,12,0,0,
grandBatch128_jointsoft_00,joint_ce_off,decoder_temp_threshold_composite,hfirstALL,joint6_with_inv,INV,21,0,0,
grandBatch128_jointsoft_00,joint_ce_off,decoder_temp_threshold_composite,hfirstALL,joint6_with_inv,INV,22,0,0,
grandBatch128_jointsoft_00,joint_ce_off,decoder_temp_threshold_composite,hfirstALL,joint6_with_inv,INV,32,0,0,
grandBatch128_jointsoft_00,joint_ce_off,decoder_temp_threshold_composite,hfirstALL,joint6_with_inv,INV,INV,0,0,
grandBatch128_jointsoft_00,joint_ce_off,decoder_temp_threshold_composite,hfirstALL_have_bmi,joint6_with_inv,00,00,15,47,0.3191489361702128
grandBatch128_jointsoft_00,joint_ce_off,decoder_temp_threshold_composite,hfirstALL_have_bmi,joint6_with_inv,00,11,16,47,0.3404255319148936
grandBatch128_jointsoft_00,joint_ce_off,decoder_temp_threshold_composite,hfirstALL_have_bmi,joint6_with_inv,00,12,1,47,0.02127659574468085
grandBatch128_jointsoft_00,joint_ce_off,decoder_temp_threshold_composite,hfirstALL_have_bmi,joint6_with_inv,00,21,0,47,0.0
grandBatch128_jointsoft_00,joint_ce_off,decoder_temp_threshold_composite,hfirstALL_have_bmi,joint6_with_inv,00,22,3,47,0.06382978723404255
grandBatch128_jointsoft_00,joint_ce_off,decoder_temp_threshold_composite,hfirstALL_have_bmi,joint6_with_inv,00,32,0,47,0.0
grandBatch128_jointsoft_00,joint_ce_off,decoder_temp_threshold_composite,hfirstALL_have_bmi,joint6_with_inv,00,INV,12,47,0.2553191489361702
grandBatch128_jointsoft_00,joint_ce_off,decoder_temp_threshold_composite,hfirstALL_have_bmi,joint6_with_inv,11,00,5,7,0.7142857142857143
grandBatch128_jointsoft_00,joint_ce_off,decoder_temp_threshold_composite,hfirstALL_have_bmi,joint6_with_inv,11,11,0,7,0.0
grandBatch128_jointsoft_00,joint_ce_off,decoder_temp_threshold_composite,hfirstALL_have_bmi,joint6_with_inv,11,12,0,7,0.0
grandBatch128_jointsoft_00,joint_ce_off,decoder_temp_threshold_composite,hfirstALL_have_bmi,joint6_with_inv,11,21,0,7,0.0
grandBatch128_jointsoft_00,joint_ce_off,decoder_temp_threshold_composite,hfirstALL_have_bmi,joint6_with_inv,11,22,0,7,0.0
grandBatch128_jointsoft_00,joint_ce_off,decoder_temp_threshold_composite,hfirstALL_have_bmi,joint6_with_inv,11,32,0,7,0.0
grandBatch128_jointsoft_00,joint_ce_off,decoder_temp_threshold_composite,hfirstALL_have_bmi,joint6_with_inv,11,INV,2,7,0.2857142857142857
grandBatch128_jointsoft_00,joint_ce_off,decoder_temp_threshold_composite,hfirstALL_have_bmi,joint6_with_inv,12,00,2,11,0.18181818181818182
grandBatch128_jointsoft_00,joint_ce_off,decoder_temp_threshold_composite,hfirstALL_have_bmi,joint6_with_inv,12,11,8,11,0.7272727272727273
grandBatch128_jointsoft_00,joint_ce_off,decoder_temp_threshold_composite,hfirstALL_have_bmi,joint6_with_inv,12,12,0,11,0.0
grandBatch128_jointsoft_00,joint_ce_off,decoder_temp_threshold_composite,hfirstALL_have_bmi,joint6_with_inv,12,21,0,11,0.0
grandBatch128_jointsoft_00,joint_ce_off,decoder_temp_threshold_composite,hfirstALL_have_bmi,joint6_with_inv,12,22,1,11,0.09090909090909091
grandBatch128_jointsoft_00,joint_ce_off,decoder_temp_threshold_composite,hfirstALL_have_bmi,joint6_with_inv,12,32,0,11,0.0
grandBatch128_jointsoft_00,joint_ce_off,decoder_temp_threshold_composite,hfirstALL_have_bmi,joint6_with_inv,12,INV,0,11,0.0
grandBatch128_jointsoft_00,joint_ce_off,decoder_temp_threshold_composite,hfirstALL_have_bmi,joint6_with_inv,21,00,6,11,0.5454545454545454
grandBatch128_jointsoft_00,joint_ce_off,decoder_temp_threshold_composite,hfirstALL_have_bmi,joint6_with_inv,21,11,4,11,0.36363636363636365
grandBatch128_jointsoft_00,joint_ce_off,decoder_temp_threshold_composite,hfirstALL_have_bmi,joint6_with_inv,21,12,0,11,0.0
grandBatch128_jointsoft_00,joint_ce_off,decoder_temp_threshold_composite,hfirstALL_have_bmi,joint6_with_inv,21,21,0,11,0.0
grandBatch128_jointsoft_00,joint_ce_off,decoder_temp_threshold_composite,hfirstALL_have_bmi,joint6_with_inv,21,22,0,11,0.0
grandBatch128_jointsoft_00,joint_ce_off,decoder_temp_threshold_composite,hfirstALL_have_bmi,joint6_with_inv,21,32,0,11,0.0
grandBatch128_jointsoft_00,joint_ce_off,decoder_temp_threshold_composite,hfirstALL_have_bmi,joint6_with_inv,21,INV,1,11,0.09090909090909091
grandBatch128_jointsoft_00,joint_ce_off,decoder_temp_threshold_composite,hfirstALL_have_bmi,joint6_with_inv,22,00,5,39,0.1282051282051282
grandBatch128_jointsoft_00,joint_ce_off,decoder_temp_threshold_composite,hfirstALL_have_bmi,joint6_with_inv,22,11,17,39,0.4358974358974359
grandBatch128_jointsoft_00,joint_ce_off,decoder_temp_threshold_composite,hfirstALL_have_bmi,joint6_with_inv,22,12,2,39,0.05128205128205128
grandBatch128_jointsoft_00,joint_ce_off,decoder_temp_threshold_composite,hfirstALL_have_bmi,joint6_with_inv,22,21,1,39,0.02564102564102564
grandBatch128_jointsoft_00,joint_ce_off,decoder_temp_threshold_composite,hfirstALL_have_bmi,joint6_with_inv,22,22,6,39,0.15384615384615385
grandBatch128_jointsoft_00,joint_ce_off,decoder_temp_threshold_composite,hfirstALL_have_bmi,joint6_with_inv,22,32,0,39,0.0
grandBatch128_jointsoft_00,joint_ce_off,decoder_temp_threshold_composite,hfirstALL_have_bmi,joint6_with_inv,22,INV,8,39,0.20512820512820512
grandBatch128_jointsoft_00,joint_ce_off,decoder_temp_threshold_composite,hfirstALL_have_bmi,joint6_with_inv,32,00,13,88,0.14772727272727273
grandBatch128_jointsoft_00,joint_ce_off,decoder_temp_threshold_composite,hfirstALL_have_bmi,joint6_with_inv,32,11,45,88,0.5113636363636364
grandBatch128_jointsoft_00,joint_ce_off,decoder_temp_threshold_composite,hfirstALL_have_bmi,joint6_with_inv,32,12,4,88,0.045454545454545456
grandBatch128_jointsoft_00,joint_ce_off,decoder_temp_threshold_composite,hfirstALL_have_bmi,joint6_with_inv,32,21,0,88,0.0
grandBatch128_jointsoft_00,joint_ce_off,decoder_temp_threshold_composite,hfirstALL_have_bmi,joint6_with_inv,32,22,12,88,0.13636363636363635
grandBatch128_jointsoft_00,joint_ce_off,decoder_temp_threshold_composite,hfirstALL_have_bmi,joint6_with_inv,32,32,0,88,0.0
grandBatch128_jointsoft_00,joint_ce_off,decoder_temp_threshold_composite,hfirstALL_have_bmi,joint6_with_inv,32,INV,14,88,0.1590909090909091
grandBatch128_jointsoft_00,joint_ce_off,decoder_temp_threshold_composite,hfirstALL_have_bmi,joint6_with_inv,INV,00,0,0,
grandBatch128_jointsoft_00,joint_ce_off,decoder_temp_threshold_composite,hfirstALL_have_bmi,joint6_with_inv,INV,11,0,0,
grandBatch128_jointsoft_00,joint_ce_off,decoder_temp_threshold_composite,hfirstALL_have_bmi,joint6_with_inv,INV,12,0,0,
grandBatch128_jointsoft_00,joint_ce_off,decoder_temp_threshold_composite,hfirstALL_have_bmi,joint6_with_inv,INV,21,0,0,
grandBatch128_jointsoft_00,joint_ce_off,decoder_temp_threshold_composite,hfirstALL_have_bmi,joint6_with_inv,INV,22,0,0,
grandBatch128_jointsoft_00,joint_ce_off,decoder_temp_threshold_composite,hfirstALL_have_bmi,joint6_with_inv,INV,32,0,0,
grandBatch128_jointsoft_00,joint_ce_off,decoder_temp_threshold_composite,hfirstALL_have_bmi,joint6_with_inv,INV,INV,0,0,
grandBatch128_jointsoft_00,joint_ce_off,decoder_temp_threshold_composite,internal,joint6_with_inv,00,00,636,1466,0.43383356070941337
grandBatch128_jointsoft_00,joint_ce_off,decoder_temp_threshold_composite,internal,joint6_with_inv,00,11,375,1466,0.2557980900409277
grandBatch128_jointsoft_00,joint_ce_off,decoder_temp_threshold_composite,internal,joint6_with_inv,00,12,94,1466,0.06412005457025921
grandBatch128_jointsoft_00,joint_ce_off,decoder_temp_threshold_composite,internal,joint6_with_inv,00,21,7,1466,0.0047748976807639835
grandBatch128_jointsoft_00,joint_ce_off,decoder_temp_threshold_composite,internal,joint6_with_inv,00,22,150,1466,0.10231923601637108
grandBatch128_jointsoft_00,joint_ce_off,decoder_temp_threshold_composite,internal,joint6_with_inv,00,32,0,1466,0.0
grandBatch128_jointsoft_00,joint_ce_off,decoder_temp_threshold_composite,internal,joint6_with_inv,00,INV,204,1466,0.13915416098226466
grandBatch128_jointsoft_00,joint_ce_off,decoder_temp_threshold_composite,internal,joint6_with_inv,11,00,28,140,0.2
grandBatch128_jointsoft_00,joint_ce_off,decoder_temp_threshold_composite,internal,joint6_with_inv,11,11,57,140,0.40714285714285714
grandBatch128_jointsoft_00,joint_ce_off,decoder_temp_threshold_composite,internal,joint6_with_inv,11,12,14,140,0.1
grandBatch128_jointsoft_00,joint_ce_off,decoder_temp_threshold_composite,internal,joint6_with_inv,11,21,2,140,0.014285714285714285
grandBatch128_jointsoft_00,joint_ce_off,decoder_temp_threshold_composite,internal,joint6_with_inv,11,22,18,140,0.12857142857142856
grandBatch128_jointsoft_00,joint_ce_off,decoder_temp_threshold_composite,internal,joint6_with_inv,11,32,0,140,0.0
grandBatch128_jointsoft_00,joint_ce_off,decoder_temp_threshold_composite,internal,joint6_with_inv,11,INV,21,140,0.15
grandBatch128_jointsoft_00,joint_ce_off,decoder_temp_threshold_composite,internal,joint6_with_inv,12,00,48,1244,0.03858520900321544
grandBatch128_jointsoft_00,joint_ce_off,decoder_temp_threshold_composite,internal,joint6_with_inv,12,11,440,1244,0.3536977491961415
grandBatch128_jointsoft_00,joint_ce_off,decoder_temp_threshold_composite,internal,joint6_with_inv,12,12,241,1244,0.1937299035369775
grandBatch128_jointsoft_00,joint_ce_off,decoder_temp_threshold_composite,internal,joint6_with_inv,12,21,13,1244,0.01045016077170418
grandBatch128_jointsoft_00,joint_ce_off,decoder_temp_threshold_composite,internal,joint6_with_inv,12,22,429,1244,0.34485530546623794
grandBatch128_jointsoft_00,joint_ce_off,decoder_temp_threshold_composite,internal,joint6_with_inv,12,32,14,1244,0.011254019292604502
grandBatch128_jointsoft_00,joint_ce_off,decoder_temp_threshold_composite,internal,joint6_with_inv,12,INV,59,1244,0.04742765273311897
grandBatch128_jointsoft_00,joint_ce_off,decoder_temp_threshold_composite,internal,joint6_with_inv,21,00,9,51,0.17647058823529413
grandBatch128_jointsoft_00,joint_ce_off,decoder_temp_threshold_composite,internal,joint6_with_inv,21,11,31,51,0.6078431372549019
grandBatch128_jointsoft_00,joint_ce_off,decoder_temp_threshold_composite,internal,joint6_with_inv,21,12,3,51,0.058823529411764705
grandBatch128_jointsoft_00,joint_ce_off,decoder_temp_threshold_composite,internal,joint6_with_inv,21,21,1,51,0.0196078431372549
grandBatch128_jointsoft_00,joint_ce_off,decoder_temp_threshold_composite,internal,joint6_with_inv,21,22,5,51,0.09803921568627451
grandBatch128_jointsoft_00,joint_ce_off,decoder_temp_threshold_composite,internal,joint6_with_inv,21,32,0,51,0.0
grandBatch128_jointsoft_00,joint_ce_off,decoder_temp_threshold_composite,internal,joint6_with_inv,21,INV,2,51,0.0392156862745098
grandBatch128_jointsoft_00,joint_ce_off,decoder_temp_threshold_composite,internal,joint6_with_inv,22,00,41,691,0.059334298118668596
grandBatch128_jointsoft_00,joint_ce_off,decoder_temp_threshold_composite,internal,joint6_with_inv,22,11,208,691,0.30101302460202606
grandBatch128_jointsoft_00,joint_ce_off,decoder_temp_threshold_composite,internal,joint6_with_inv,22,12,115,691,0.16642547033285093
grandBatch128_jointsoft_00,joint_ce_off,decoder_temp_threshold_composite,internal,joint6_with_inv,22,21,12,691,0.017366136034732273
grandBatch128_jointsoft_00,joint_ce_off,decoder_temp_threshold_composite,internal,joint6_with_inv,22,22,271,691,0.3921852387843705
grandBatch128_jointsoft_00,joint_ce_off,decoder_temp_threshold_composite,internal,joint6_with_inv,22,32,1,691,0.001447178002894356
grandBatch128_jointsoft_00,joint_ce_off,decoder_temp_threshold_composite,internal,joint6_with_inv,22,INV,43,691,0.06222865412445731
grandBatch128_jointsoft_00,joint_ce_off,decoder_temp_threshold_composite,internal,joint6_with_inv,32,00,10,289,0.03460207612456748
grandBatch128_jointsoft_00,joint_ce_off,decoder_temp_threshold_composite,internal,joint6_with_inv,32,11,90,289,0.31141868512110726
grandBatch128_jointsoft_00,joint_ce_off,decoder_temp_threshold_composite,internal,joint6_with_inv,32,12,51,289,0.17647058823529413
grandBatch128_jointsoft_00,joint_ce_off,decoder_temp_threshold_composite,internal,joint6_with_inv,32,21,3,289,0.010380622837370242
grandBatch128_jointsoft_00,joint_ce_off,decoder_temp_threshold_composite,internal,joint6_with_inv,32,22,121,289,0.4186851211072664
grandBatch128_jointsoft_00,joint_ce_off,decoder_temp_threshold_composite,internal,joint6_with_inv,32,32,1,289,0.0034602076124567475
grandBatch128_jointsoft_00,joint_ce_off,decoder_temp_threshold_composite,internal,joint6_with_inv,32,INV,13,289,0.04498269896193772
grandBatch128_jointsoft_00,joint_ce_off,decoder_temp_threshold_composite,internal,joint6_with_inv,INV,00,0,0,
grandBatch128_jointsoft_00,joint_ce_off,decoder_temp_threshold_composite,internal,joint6_with_inv,INV,11,0,0,
grandBatch128_jointsoft_00,joint_ce_off,decoder_temp_threshold_composite,internal,joint6_with_inv,INV,12,0,0,
grandBatch128_jointsoft_00,joint_ce_off,decoder_temp_threshold_composite,internal,joint6_with_inv,INV,21,0,0,
grandBatch128_jointsoft_00,joint_ce_off,decoder_temp_threshold_composite,internal,joint6_with_inv,INV,22,0,0,
grandBatch128_jointsoft_00,joint_ce_off,decoder_temp_threshold_composite,internal,joint6_with_inv,INV,32,0,0,
grandBatch128_jointsoft_00,joint_ce_off,decoder_temp_threshold_composite,internal,joint6_with_inv,INV,INV,0,0,
