experiment_id,lambda_joint_soft_group,decoder_name,cohort,metric_name,metric_value
grandBatch128,joint_ce_on,decoder_non_qwk,handan,MAE_grade,0.517787
grandBatch128,joint_ce_on,decoder_non_qwk,handan_have_bmi,MAE_grade,0.535874
grandBatch128,joint_ce_on,decoder_non_qwk,hebei,MAE_grade,0.325
grandBatch128,joint_ce_on,decoder_non_qwk,hfirstALL,MAE_grade,1.647059
grandBatch128,joint_ce_on,decoder_non_qwk,hfirstALL_have_bmi,MAE_grade,1.625616
grandBatch128,joint_ce_on,decoder_non_qwk,internal,MAE_grade,0.970884
grandBatch128,joint_ce_on,decoder_temp_ev_macro_f1,handan,MAE_grade,0.525692
grandBatch128,joint_ce_on,decoder_temp_ev_macro_f1,handan_have_bmi,MAE_grade,0.542601
grandBatch128,joint_ce_on,decoder_temp_ev_macro_f1,hebei,MAE_grade,0.245
grandBatch128,joint_ce_on,decoder_temp_ev_macro_f1,hfirstALL,MAE_grade,1.506787
grandBatch128,joint_ce_on,decoder_temp_ev_macro_f1,hfirstALL_have_bmi,MAE_grade,1.477833
grandBatch128,joint_ce_on,decoder_temp_ev_macro_f1,internal,MAE_grade,0.642618
grandBatch128,joint_ce_on,decoder_temp_threshold_composite,handan,MAE_grade,0.679842
grandBatch128,joint_ce_on,decoder_temp_threshold_composite,handan_have_bmi,MAE_grade,0.695067
grandBatch128,joint_ce_on,decoder_temp_threshold_composite,hebei,MAE_grade,0.22
grandBatch128,joint_ce_on,decoder_temp_threshold_composite,hfirstALL,MAE_grade,1.38009
grandBatch128,joint_ce_on,decoder_temp_threshold_composite,hfirstALL_have_bmi,MAE_grade,1.359606
grandBatch128,joint_ce_on,decoder_temp_threshold_composite,internal,MAE_grade,0.626127
grandBatch128_jointsoft_00,joint_ce_off,decoder_non_qwk,handan,MAE_grade,0.505929
grandBatch128_jointsoft_00,joint_ce_off,decoder_non_qwk,handan_have_bmi,MAE_grade,0.515695
grandBatch128_jointsoft_00,joint_ce_off,decoder_non_qwk,hebei,MAE_grade,0.315
grandBatch128_jointsoft_00,joint_ce_off,decoder_non_qwk,hfirstALL,MAE_grade,1.633484
grandBatch128_jointsoft_00,joint_ce_off,decoder_non_qwk,hfirstALL_have_bmi,MAE_grade,1.610837
grandBatch128_jointsoft_00,joint_ce_off,decoder_non_qwk,internal,MAE_grade,0.981706
grandBatch128_jointsoft_00,joint_ce_off,decoder_temp_ev_macro_f1,handan,MAE_grade,0.517787
grandBatch128_jointsoft_00,joint_ce_off,decoder_temp_ev_macro_f1,handan_have_bmi,MAE_grade,0.526906
grandBatch128_jointsoft_00,joint_ce_off,decoder_temp_ev_macro_f1,hebei,MAE_grade,0.265
grandBatch128_jointsoft_00,joint_ce_off,decoder_temp_ev_macro_f1,hfirstALL,MAE_grade,1.529412
grandBatch128_jointsoft_00,joint_ce_off,decoder_temp_ev_macro_f1,hfirstALL_have_bmi,MAE_grade,1.502463
grandBatch128_jointsoft_00,joint_ce_off,decoder_temp_ev_macro_f1,internal,MAE_grade,0.637465
grandBatch128_jointsoft_00,joint_ce_off,decoder_temp_threshold_composite,handan,MAE_grade,0.596838
grandBatch128_jointsoft_00,joint_ce_off,decoder_temp_threshold_composite,handan_have_bmi,MAE_grade,0.600897
grandBatch128_jointsoft_00,joint_ce_off,decoder_temp_threshold_composite,hebei,MAE_grade,0.225
grandBatch128_jointsoft_00,joint_ce_off,decoder_temp_threshold_composite,hfirstALL,MAE_grade,1.434389
grandBatch128_jointsoft_00,joint_ce_off,decoder_temp_threshold_composite,hfirstALL_have_bmi,MAE_grade,1.413793
grandBatch128_jointsoft_00,joint_ce_off,decoder_temp_threshold_composite,internal,MAE_grade,0.631281
grandBatch128,joint_ce_on,decoder_non_qwk,handan,QWK_grade,0.118507
grandBatch128,joint_ce_on,decoder_non_qwk,handan_have_bmi,QWK_grade,0.127752
grandBatch128,joint_ce_on,decoder_non_qwk,hebei,QWK_grade,0.364669
grandBatch128,joint_ce_on,decoder_non_qwk,hfirstALL,QWK_grade,0.086826
grandBatch128,joint_ce_on,decoder_non_qwk,hfirstALL_have_bmi,QWK_grade,0.095154
grandBatch128,joint_ce_on,decoder_non_qwk,internal,QWK_grade,0.299057
grandBatch128,joint_ce_on,decoder_temp_ev_macro_f1,handan,QWK_grade,0.187716
grandBatch128,joint_ce_on,decoder_temp_ev_macro_f1,handan_have_bmi,QWK_grade,0.192922
grandBatch128,joint_ce_on,decoder_temp_ev_macro_f1,hebei,QWK_grade,0.491218
grandBatch128,joint_ce_on,decoder_temp_ev_macro_f1,hfirstALL,QWK_grade,0.085252
grandBatch128,joint_ce_on,decoder_temp_ev_macro_f1,hfirstALL_have_bmi,QWK_grade,0.095117
grandBatch128,joint_ce_on,decoder_temp_ev_macro_f1,internal,QWK_grade,0.375123
grandBatch128,joint_ce_on,decoder_temp_threshold_composite,handan,QWK_grade,0.163277
grandBatch128,joint_ce_on,decoder_temp_threshold_composite,handan_have_bmi,QWK_grade,0.167531
grandBatch128,joint_ce_on,decoder_temp_threshold_composite,hebei,QWK_grade,0.657556
grandBatch128,joint_ce_on,decoder_temp_threshold_composite,hfirstALL,QWK_grade,0.098972
grandBatch128,joint_ce_on,decoder_temp_threshold_composite,hfirstALL_have_bmi,QWK_grade,0.114482
grandBatch128,joint_ce_on,decoder_temp_threshold_composite,internal,QWK_grade,0.388525
grandBatch128_jointsoft_00,joint_ce_off,decoder_non_qwk,handan,QWK_grade,0.151671
grandBatch128_jointsoft_00,joint_ce_off,decoder_non_qwk,handan_have_bmi,QWK_grade,0.168569
grandBatch128_jointsoft_00,joint_ce_off,decoder_non_qwk,hebei,QWK_grade,0.398403
grandBatch128_jointsoft_00,joint_ce_off,decoder_non_qwk,hfirstALL,QWK_grade,0.092085
grandBatch128_jointsoft_00,joint_ce_off,decoder_non_qwk,hfirstALL_have_bmi,QWK_grade,0.100934
grandBatch128_jointsoft_00,joint_ce_off,decoder_non_qwk,internal,QWK_grade,0.277312
grandBatch128_jointsoft_00,joint_ce_off,decoder_temp_ev_macro_f1,handan,QWK_grade,0.177345
grandBatch128_jointsoft_00,joint_ce_off,decoder_temp_ev_macro_f1,handan_have_bmi,QWK_grade,0.186474
grandBatch128_jointsoft_00,joint_ce_off,decoder_temp_ev_macro_f1,hebei,QWK_grade,0.40309
grandBatch128_jointsoft_00,joint_ce_off,decoder_temp_ev_macro_f1,hfirstALL,QWK_grade,0.078112
grandBatch128_jointsoft_00,joint_ce_off,decoder_temp_ev_macro_f1,hfirstALL_have_bmi,QWK_grade,0.086801
grandBatch128_jointsoft_00,joint_ce_off,decoder_temp_ev_macro_f1,internal,QWK_grade,0.376192
grandBatch128_jointsoft_00,joint_ce_off,decoder_temp_threshold_composite,handan,QWK_grade,0.201245
grandBatch128_jointsoft_00,joint_ce_off,decoder_temp_threshold_composite,handan_have_bmi,QWK_grade,0.215701
grandBatch128_jointsoft_00,joint_ce_off,decoder_temp_threshold_composite,hebei,QWK_grade,0.610921
grandBatch128_jointsoft_00,joint_ce_off,decoder_temp_threshold_composite,hfirstALL,QWK_grade,0.095701
grandBatch128_jointsoft_00,joint_ce_off,decoder_temp_threshold_composite,hfirstALL_have_bmi,QWK_grade,0.10262
grandBatch128_jointsoft_00,joint_ce_off,decoder_temp_threshold_composite,internal,QWK_grade,0.390129
grandBatch128,joint_ce_on,decoder_non_qwk,handan,MAE_stage,0.405138
grandBatch128,joint_ce_on,decoder_non_qwk,handan_have_bmi,MAE_stage,0.419283
grandBatch128,joint_ce_on,decoder_non_qwk,hebei,MAE_stage,0.29
grandBatch128,joint_ce_on,decoder_non_qwk,hfirstALL,MAE_stage,1.085973
grandBatch128,joint_ce_on,decoder_non_qwk,hfirstALL_have_bmi,MAE_stage,1.064039
grandBatch128,joint_ce_on,decoder_non_qwk,internal,MAE_stage,0.568153
grandBatch128,joint_ce_on,decoder_temp_ev_macro_f1,handan,MAE_stage,0.588933
grandBatch128,joint_ce_on,decoder_temp_ev_macro_f1,handan_have_bmi,MAE_stage,0.612108
grandBatch128,joint_ce_on,decoder_temp_ev_macro_f1,hebei,MAE_stage,0.195
grandBatch128,joint_ce_on,decoder_temp_ev_macro_f1,hfirstALL,MAE_stage,0.823529
grandBatch128,joint_ce_on,decoder_temp_ev_macro_f1,hfirstALL_have_bmi,MAE_stage,0.783251
grandBatch128,joint_ce_on,decoder_temp_ev_macro_f1,internal,MAE_stage,0.494203
grandBatch128,joint_ce_on,decoder_temp_threshold_composite,handan,MAE_stage,0.715415
grandBatch128,joint_ce_on,decoder_temp_threshold_composite,handan_have_bmi,MAE_stage,0.73991
grandBatch128,joint_ce_on,decoder_temp_threshold_composite,hebei,MAE_stage,0.245
grandBatch128,joint_ce_on,decoder_temp_threshold_composite,hfirstALL,MAE_stage,0.886878
grandBatch128,joint_ce_on,decoder_temp_threshold_composite,hfirstALL_have_bmi,MAE_stage,0.866995
grandBatch128,joint_ce_on,decoder_temp_threshold_composite,internal,MAE_stage,0.578201
grandBatch128_jointsoft_00,joint_ce_off,decoder_non_qwk,handan,MAE_stage,0.401186
grandBatch128_jointsoft_00,joint_ce_off,decoder_non_qwk,handan_have_bmi,MAE_stage,0.40583
grandBatch128_jointsoft_00,joint_ce_off,decoder_non_qwk,hebei,MAE_stage,0.3
grandBatch128_jointsoft_00,joint_ce_off,decoder_non_qwk,hfirstALL,MAE_stage,1.085973
grandBatch128_jointsoft_00,joint_ce_off,decoder_non_qwk,hfirstALL_have_bmi,MAE_stage,1.064039
grandBatch128_jointsoft_00,joint_ce_off,decoder_non_qwk,internal,MAE_stage,0.557846
grandBatch128_jointsoft_00,joint_ce_off,decoder_temp_ev_macro_f1,handan,MAE_stage,0.492095
grandBatch128_jointsoft_00,joint_ce_off,decoder_temp_ev_macro_f1,handan_have_bmi,MAE_stage,0.506726
grandBatch128_jointsoft_00,joint_ce_off,decoder_temp_ev_macro_f1,hebei,MAE_stage,0.255
grandBatch128_jointsoft_00,joint_ce_off,decoder_temp_ev_macro_f1,hfirstALL,MAE_stage,0.936652
grandBatch128_jointsoft_00,joint_ce_off,decoder_temp_ev_macro_f1,hfirstALL_have_bmi,MAE_stage,0.901478
grandBatch128_jointsoft_00,joint_ce_off,decoder_temp_ev_macro_f1,internal,MAE_stage,0.517135
grandBatch128_jointsoft_00,joint_ce_off,decoder_temp_threshold_composite,handan,MAE_stage,0.679842
grandBatch128_jointsoft_00,joint_ce_off,decoder_temp_threshold_composite,handan_have_bmi,MAE_stage,0.701794
grandBatch128_jointsoft_00,joint_ce_off,decoder_temp_threshold_composite,hebei,MAE_stage,0.26
grandBatch128_jointsoft_00,joint_ce_off,decoder_temp_threshold_composite,hfirstALL,MAE_stage,0.909502
grandBatch128_jointsoft_00,joint_ce_off,decoder_temp_threshold_composite,hfirstALL_have_bmi,MAE_stage,0.8867
grandBatch128_jointsoft_00,joint_ce_off,decoder_temp_threshold_composite,internal,MAE_stage,0.573821
grandBatch128,joint_ce_on,decoder_non_qwk,handan,QWK_stage,0.211898
grandBatch128,joint_ce_on,decoder_non_qwk,handan_have_bmi,QWK_stage,0.225571
grandBatch128,joint_ce_on,decoder_non_qwk,hebei,QWK_stage,0.411765
grandBatch128,joint_ce_on,decoder_non_qwk,hfirstALL,QWK_stage,0.111736
grandBatch128,joint_ce_on,decoder_non_qwk,hfirstALL_have_bmi,QWK_stage,0.118373
grandBatch128,joint_ce_on,decoder_non_qwk,internal,QWK_stage,0.441098
grandBatch128,joint_ce_on,decoder_temp_ev_macro_f1,handan,QWK_stage,0.273737
grandBatch128,joint_ce_on,decoder_temp_ev_macro_f1,handan_have_bmi,QWK_stage,0.277849
grandBatch128,joint_ce_on,decoder_temp_ev_macro_f1,hebei,QWK_stage,0.687831
grandBatch128,joint_ce_on,decoder_temp_ev_macro_f1,hfirstALL,QWK_stage,0.220006
grandBatch128,joint_ce_on,decoder_temp_ev_macro_f1,hfirstALL_have_bmi,QWK_stage,0.239316
grandBatch128,joint_ce_on,decoder_temp_ev_macro_f1,internal,QWK_stage,0.508965
grandBatch128,joint_ce_on,decoder_temp_threshold_composite,handan,QWK_stage,0.163521
grandBatch128,joint_ce_on,decoder_temp_threshold_composite,handan_have_bmi,QWK_stage,0.164706
grandBatch128,joint_ce_on,decoder_temp_threshold_composite,hebei,QWK_stage,0.666667
grandBatch128,joint_ce_on,decoder_temp_threshold_composite,hfirstALL,QWK_stage,0.128462
grandBatch128,joint_ce_on,decoder_temp_threshold_composite,hfirstALL_have_bmi,QWK_stage,0.137282
grandBatch128,joint_ce_on,decoder_temp_threshold_composite,internal,QWK_stage,0.492244
grandBatch128_jointsoft_00,joint_ce_off,decoder_non_qwk,handan,QWK_stage,0.25407
grandBatch128_jointsoft_00,joint_ce_off,decoder_non_qwk,handan_have_bmi,QWK_stage,0.270624
grandBatch128_jointsoft_00,joint_ce_off,decoder_non_qwk,hebei,QWK_stage,0.380734
grandBatch128_jointsoft_00,joint_ce_off,decoder_non_qwk,hfirstALL,QWK_stage,0.105547
grandBatch128_jointsoft_00,joint_ce_off,decoder_non_qwk,hfirstALL_have_bmi,QWK_stage,0.111588
grandBatch128_jointsoft_00,joint_ce_off,decoder_non_qwk,internal,QWK_stage,0.444568
grandBatch128_jointsoft_00,joint_ce_off,decoder_temp_ev_macro_f1,handan,QWK_stage,0.279888
grandBatch128_jointsoft_00,joint_ce_off,decoder_temp_ev_macro_f1,handan_have_bmi,QWK_stage,0.284424
grandBatch128_jointsoft_00,joint_ce_off,decoder_temp_ev_macro_f1,hebei,QWK_stage,0.524089
grandBatch128_jointsoft_00,joint_ce_off,decoder_temp_ev_macro_f1,hfirstALL,QWK_stage,0.185621
grandBatch128_jointsoft_00,joint_ce_off,decoder_temp_ev_macro_f1,hfirstALL_have_bmi,QWK_stage,0.203138
grandBatch128_jointsoft_00,joint_ce_off,decoder_temp_ev_macro_f1,internal,QWK_stage,0.504199
grandBatch128_jointsoft_00,joint_ce_off,decoder_temp_threshold_composite,handan,QWK_stage,0.199011
grandBatch128_jointsoft_00,joint_ce_off,decoder_temp_threshold_composite,handan_have_bmi,QWK_stage,0.197067
grandBatch128_jointsoft_00,joint_ce_off,decoder_temp_threshold_composite,hebei,QWK_stage,0.621027
grandBatch128_jointsoft_00,joint_ce_off,decoder_temp_threshold_composite,hfirstALL,QWK_stage,0.150875
grandBatch128_jointsoft_00,joint_ce_off,decoder_temp_threshold_composite,hfirstALL_have_bmi,QWK_stage,0.171636
grandBatch128_jointsoft_00,joint_ce_off,decoder_temp_threshold_composite,internal,QWK_stage,0.488292
grandBatch128,joint_ce_on,decoder_non_qwk,handan,AUROC_grade_any_htn,0.7112994815241543
grandBatch128,joint_ce_on,decoder_non_qwk,handan_have_bmi,AUROC_grade_any_htn,0.7164158305462653
grandBatch128,joint_ce_on,decoder_non_qwk,hebei,AUROC_grade_any_htn,0.9699322416713722
grandBatch128,joint_ce_on,decoder_non_qwk,hfirstALL,AUROC_grade_any_htn,0.6251441753171857
grandBatch128,joint_ce_on,decoder_non_qwk,hfirstALL_have_bmi,AUROC_grade_any_htn,0.6310692853246045
grandBatch128,joint_ce_on,decoder_non_qwk,internal,AUROC_grade_any_htn,0.8046675648727966
grandBatch128,joint_ce_on,decoder_temp_ev_macro_f1,handan,AUROC_grade_any_htn,0.7112994815241543
grandBatch128,joint_ce_on,decoder_temp_ev_macro_f1,handan_have_bmi,AUROC_grade_any_htn,0.7164158305462653
grandBatch128,joint_ce_on,decoder_temp_ev_macro_f1,hebei,AUROC_grade_any_htn,0.9699322416713722
grandBatch128,joint_ce_on,decoder_temp_ev_macro_f1,hfirstALL,AUROC_grade_any_htn,0.6251441753171857
grandBatch128,joint_ce_on,decoder_temp_ev_macro_f1,hfirstALL_have_bmi,AUROC_grade_any_htn,0.6310692853246045
grandBatch128,joint_ce_on,decoder_temp_ev_macro_f1,internal,AUROC_grade_any_htn,0.8046675648727966
grandBatch128,joint_ce_on,decoder_temp_threshold_composite,handan,AUROC_grade_any_htn,0.7112994815241543
grandBatch128,joint_ce_on,decoder_temp_threshold_composite,handan_have_bmi,AUROC_grade_any_htn,0.7164158305462653
grandBatch128,joint_ce_on,decoder_temp_threshold_composite,hebei,AUROC_grade_any_htn,0.9699322416713722
grandBatch128,joint_ce_on,decoder_temp_threshold_composite,hfirstALL,AUROC_grade_any_htn,0.6251441753171857
grandBatch128,joint_ce_on,decoder_temp_threshold_composite,hfirstALL_have_bmi,AUROC_grade_any_htn,0.6310692853246045
grandBatch128,joint_ce_on,decoder_temp_threshold_composite,internal,AUROC_grade_any_htn,0.8046675648727966
grandBatch128_jointsoft_00,joint_ce_off,decoder_non_qwk,handan,AUROC_grade_any_htn,0.7142896332263463
grandBatch128_jointsoft_00,joint_ce_off,decoder_non_qwk,handan_have_bmi,AUROC_grade_any_htn,0.7193422519509476
grandBatch128_jointsoft_00,joint_ce_off,decoder_non_qwk,hebei,AUROC_grade_any_htn,0.9662619988706945
grandBatch128_jointsoft_00,joint_ce_off,decoder_non_qwk,hfirstALL,AUROC_grade_any_htn,0.6284890426758939
grandBatch128_jointsoft_00,joint_ce_off,decoder_non_qwk,hfirstALL_have_bmi,AUROC_grade_any_htn,0.6328423349699945
grandBatch128_jointsoft_00,joint_ce_off,decoder_non_qwk,internal,AUROC_grade_any_htn,0.8016354130477151
grandBatch128_jointsoft_00,joint_ce_off,decoder_temp_ev_macro_f1,handan,AUROC_grade_any_htn,0.7142896332263463
grandBatch128_jointsoft_00,joint_ce_off,decoder_temp_ev_macro_f1,handan_have_bmi,AUROC_grade_any_htn,0.7193422519509476
grandBatch128_jointsoft_00,joint_ce_off,decoder_temp_ev_macro_f1,hebei,AUROC_grade_any_htn,0.9662619988706945
grandBatch128_jointsoft_00,joint_ce_off,decoder_temp_ev_macro_f1,hfirstALL,AUROC_grade_any_htn,0.6284890426758939
grandBatch128_jointsoft_00,joint_ce_off,decoder_temp_ev_macro_f1,hfirstALL_have_bmi,AUROC_grade_any_htn,0.6328423349699945
grandBatch128_jointsoft_00,joint_ce_off,decoder_temp_ev_macro_f1,internal,AUROC_grade_any_htn,0.8016354130477151
grandBatch128_jointsoft_00,joint_ce_off,decoder_temp_threshold_composite,handan,AUROC_grade_any_htn,0.7142896332263463
grandBatch128_jointsoft_00,joint_ce_off,decoder_temp_threshold_composite,handan_have_bmi,AUROC_grade_any_htn,0.7193422519509476
grandBatch128_jointsoft_00,joint_ce_off,decoder_temp_threshold_composite,hebei,AUROC_grade_any_htn,0.9662619988706945
grandBatch128_jointsoft_00,joint_ce_off,decoder_temp_threshold_composite,hfirstALL,AUROC_grade_any_htn,0.6284890426758939
grandBatch128_jointsoft_00,joint_ce_off,decoder_temp_threshold_composite,hfirstALL_have_bmi,AUROC_grade_any_htn,0.6328423349699945
grandBatch128_jointsoft_00,joint_ce_off,decoder_temp_threshold_composite,internal,AUROC_grade_any_htn,0.8016354130477151
grandBatch128,joint_ce_on,decoder_non_qwk,handan,AUROC_grade_ge1,0.7112994815241543
grandBatch128,joint_ce_on,decoder_non_qwk,handan_have_bmi,AUROC_grade_ge1,0.7164158305462653
grandBatch128,joint_ce_on,decoder_non_qwk,hebei,AUROC_grade_ge1,0.9699322416713722
grandBatch128,joint_ce_on,decoder_non_qwk,hfirstALL,AUROC_grade_ge1,0.6251441753171857
grandBatch128,joint_ce_on,decoder_non_qwk,hfirstALL_have_bmi,AUROC_grade_ge1,0.6310692853246045
grandBatch128,joint_ce_on,decoder_non_qwk,internal,AUROC_grade_ge1,0.8046675648727966
grandBatch128,joint_ce_on,decoder_temp_ev_macro_f1,handan,AUROC_grade_ge1,0.7112994815241543
grandBatch128,joint_ce_on,decoder_temp_ev_macro_f1,handan_have_bmi,AUROC_grade_ge1,0.7164158305462653
grandBatch128,joint_ce_on,decoder_temp_ev_macro_f1,hebei,AUROC_grade_ge1,0.9699322416713722
grandBatch128,joint_ce_on,decoder_temp_ev_macro_f1,hfirstALL,AUROC_grade_ge1,0.6251441753171857
grandBatch128,joint_ce_on,decoder_temp_ev_macro_f1,hfirstALL_have_bmi,AUROC_grade_ge1,0.6310692853246045
grandBatch128,joint_ce_on,decoder_temp_ev_macro_f1,internal,AUROC_grade_ge1,0.8046675648727966
grandBatch128,joint_ce_on,decoder_temp_threshold_composite,handan,AUROC_grade_ge1,0.7112994815241543
grandBatch128,joint_ce_on,decoder_temp_threshold_composite,handan_have_bmi,AUROC_grade_ge1,0.7164158305462653
grandBatch128,joint_ce_on,decoder_temp_threshold_composite,hebei,AUROC_grade_ge1,0.9699322416713722
grandBatch128,joint_ce_on,decoder_temp_threshold_composite,hfirstALL,AUROC_grade_ge1,0.6251441753171857
grandBatch128,joint_ce_on,decoder_temp_threshold_composite,hfirstALL_have_bmi,AUROC_grade_ge1,0.6310692853246045
grandBatch128,joint_ce_on,decoder_temp_threshold_composite,internal,AUROC_grade_ge1,0.8046675648727966
grandBatch128_jointsoft_00,joint_ce_off,decoder_non_qwk,handan,AUROC_grade_ge1,0.7142896332263463
grandBatch128_jointsoft_00,joint_ce_off,decoder_non_qwk,handan_have_bmi,AUROC_grade_ge1,0.7193422519509476
grandBatch128_jointsoft_00,joint_ce_off,decoder_non_qwk,hebei,AUROC_grade_ge1,0.9662619988706945
grandBatch128_jointsoft_00,joint_ce_off,decoder_non_qwk,hfirstALL,AUROC_grade_ge1,0.6284890426758939
grandBatch128_jointsoft_00,joint_ce_off,decoder_non_qwk,hfirstALL_have_bmi,AUROC_grade_ge1,0.6328423349699945
grandBatch128_jointsoft_00,joint_ce_off,decoder_non_qwk,internal,AUROC_grade_ge1,0.8016354130477151
grandBatch128_jointsoft_00,joint_ce_off,decoder_temp_ev_macro_f1,handan,AUROC_grade_ge1,0.7142896332263463
grandBatch128_jointsoft_00,joint_ce_off,decoder_temp_ev_macro_f1,handan_have_bmi,AUROC_grade_ge1,0.7193422519509476
grandBatch128_jointsoft_00,joint_ce_off,decoder_temp_ev_macro_f1,hebei,AUROC_grade_ge1,0.9662619988706945
grandBatch128_jointsoft_00,joint_ce_off,decoder_temp_ev_macro_f1,hfirstALL,AUROC_grade_ge1,0.6284890426758939
grandBatch128_jointsoft_00,joint_ce_off,decoder_temp_ev_macro_f1,hfirstALL_have_bmi,AUROC_grade_ge1,0.6328423349699945
grandBatch128_jointsoft_00,joint_ce_off,decoder_temp_ev_macro_f1,internal,AUROC_grade_ge1,0.8016354130477151
grandBatch128_jointsoft_00,joint_ce_off,decoder_temp_threshold_composite,handan,AUROC_grade_ge1,0.7142896332263463
grandBatch128_jointsoft_00,joint_ce_off,decoder_temp_threshold_composite,handan_have_bmi,AUROC_grade_ge1,0.7193422519509476
grandBatch128_jointsoft_00,joint_ce_off,decoder_temp_threshold_composite,hebei,AUROC_grade_ge1,0.9662619988706945
grandBatch128_jointsoft_00,joint_ce_off,decoder_temp_threshold_composite,hfirstALL,AUROC_grade_ge1,0.6284890426758939
grandBatch128_jointsoft_00,joint_ce_off,decoder_temp_threshold_composite,hfirstALL_have_bmi,AUROC_grade_ge1,0.6328423349699945
grandBatch128_jointsoft_00,joint_ce_off,decoder_temp_threshold_composite,internal,AUROC_grade_ge1,0.8016354130477151
grandBatch128,joint_ce_on,decoder_non_qwk,handan,AUROC_grade_ge2,0.6961861481822366
grandBatch128,joint_ce_on,decoder_non_qwk,handan_have_bmi,AUROC_grade_ge2,0.7013845532336846
grandBatch128,joint_ce_on,decoder_non_qwk,hebei,AUROC_grade_ge2,0.9476506639427987
grandBatch128,joint_ce_on,decoder_non_qwk,hfirstALL,AUROC_grade_ge2,0.6262062440870387
grandBatch128,joint_ce_on,decoder_non_qwk,hfirstALL_have_bmi,AUROC_grade_ge2,0.636231884057971
grandBatch128,joint_ce_on,decoder_non_qwk,internal,AUROC_grade_ge2,0.6878755083635374
grandBatch128,joint_ce_on,decoder_temp_ev_macro_f1,handan,AUROC_grade_ge2,0.6961861481822366
grandBatch128,joint_ce_on,decoder_temp_ev_macro_f1,handan_have_bmi,AUROC_grade_ge2,0.7013845532336846
grandBatch128,joint_ce_on,decoder_temp_ev_macro_f1,hebei,AUROC_grade_ge2,0.9476506639427987
grandBatch128,joint_ce_on,decoder_temp_ev_macro_f1,hfirstALL,AUROC_grade_ge2,0.6262062440870387
grandBatch128,joint_ce_on,decoder_temp_ev_macro_f1,hfirstALL_have_bmi,AUROC_grade_ge2,0.636231884057971
grandBatch128,joint_ce_on,decoder_temp_ev_macro_f1,internal,AUROC_grade_ge2,0.6878755083635374
grandBatch128,joint_ce_on,decoder_temp_threshold_composite,handan,AUROC_grade_ge2,0.6961861481822366
grandBatch128,joint_ce_on,decoder_temp_threshold_composite,handan_have_bmi,AUROC_grade_ge2,0.7013845532336846
grandBatch128,joint_ce_on,decoder_temp_threshold_composite,hebei,AUROC_grade_ge2,0.9476506639427987
grandBatch128,joint_ce_on,decoder_temp_threshold_composite,hfirstALL,AUROC_grade_ge2,0.6262062440870387
grandBatch128,joint_ce_on,decoder_temp_threshold_composite,hfirstALL_have_bmi,AUROC_grade_ge2,0.636231884057971
grandBatch128,joint_ce_on,decoder_temp_threshold_composite,internal,AUROC_grade_ge2,0.6878755083635374
grandBatch128_jointsoft_00,joint_ce_off,decoder_non_qwk,handan,AUROC_grade_ge2,0.7041244822825588
grandBatch128_jointsoft_00,joint_ce_off,decoder_non_qwk,handan_have_bmi,AUROC_grade_ge2,0.711447353924125
grandBatch128_jointsoft_00,joint_ce_off,decoder_non_qwk,hebei,AUROC_grade_ge2,0.9530132788559754
grandBatch128_jointsoft_00,joint_ce_off,decoder_non_qwk,hfirstALL,AUROC_grade_ge2,0.6338694418164617
grandBatch128_jointsoft_00,joint_ce_off,decoder_non_qwk,hfirstALL_have_bmi,AUROC_grade_ge2,0.6403567447045708
grandBatch128_jointsoft_00,joint_ce_off,decoder_non_qwk,internal,AUROC_grade_ge2,0.6773032484217333
grandBatch128_jointsoft_00,joint_ce_off,decoder_temp_ev_macro_f1,handan,AUROC_grade_ge2,0.7041244822825588
grandBatch128_jointsoft_00,joint_ce_off,decoder_temp_ev_macro_f1,handan_have_bmi,AUROC_grade_ge2,0.711447353924125
grandBatch128_jointsoft_00,joint_ce_off,decoder_temp_ev_macro_f1,hebei,AUROC_grade_ge2,0.9530132788559754
grandBatch128_jointsoft_00,joint_ce_off,decoder_temp_ev_macro_f1,hfirstALL,AUROC_grade_ge2,0.6338694418164617
grandBatch128_jointsoft_00,joint_ce_off,decoder_temp_ev_macro_f1,hfirstALL_have_bmi,AUROC_grade_ge2,0.6403567447045708
grandBatch128_jointsoft_00,joint_ce_off,decoder_temp_ev_macro_f1,internal,AUROC_grade_ge2,0.6773032484217333
grandBatch128_jointsoft_00,joint_ce_off,decoder_temp_threshold_composite,handan,AUROC_grade_ge2,0.7041244822825588
grandBatch128_jointsoft_00,joint_ce_off,decoder_temp_threshold_composite,handan_have_bmi,AUROC_grade_ge2,0.711447353924125
grandBatch128_jointsoft_00,joint_ce_off,decoder_temp_threshold_composite,hebei,AUROC_grade_ge2,0.9530132788559754
grandBatch128_jointsoft_00,joint_ce_off,decoder_temp_threshold_composite,hfirstALL,AUROC_grade_ge2,0.6338694418164617
grandBatch128_jointsoft_00,joint_ce_off,decoder_temp_threshold_composite,hfirstALL_have_bmi,AUROC_grade_ge2,0.6403567447045708
grandBatch128_jointsoft_00,joint_ce_off,decoder_temp_threshold_composite,internal,AUROC_grade_ge2,0.6773032484217333
grandBatch128,joint_ce_on,decoder_non_qwk,handan,AUROC_grade_ge3,0.5958037825059102
grandBatch128,joint_ce_on,decoder_non_qwk,handan_have_bmi,AUROC_grade_ge3,0.6057520404197435
grandBatch128,joint_ce_on,decoder_non_qwk,hebei,AUROC_grade_ge3,0.9487179487179487
grandBatch128,joint_ce_on,decoder_non_qwk,hfirstALL,AUROC_grade_ge3,0.5721804511278195
grandBatch128,joint_ce_on,decoder_non_qwk,hfirstALL_have_bmi,AUROC_grade_ge3,0.590118577075099
grandBatch128,joint_ce_on,decoder_non_qwk,internal,AUROC_grade_ge3,0.6916195929439508
grandBatch128,joint_ce_on,decoder_temp_ev_macro_f1,handan,AUROC_grade_ge3,0.5958037825059102
grandBatch128,joint_ce_on,decoder_temp_ev_macro_f1,handan_have_bmi,AUROC_grade_ge3,0.6057520404197435
grandBatch128,joint_ce_on,decoder_temp_ev_macro_f1,hebei,AUROC_grade_ge3,0.9487179487179487
grandBatch128,joint_ce_on,decoder_temp_ev_macro_f1,hfirstALL,AUROC_grade_ge3,0.5721804511278195
grandBatch128,joint_ce_on,decoder_temp_ev_macro_f1,hfirstALL_have_bmi,AUROC_grade_ge3,0.590118577075099
grandBatch128,joint_ce_on,decoder_temp_ev_macro_f1,internal,AUROC_grade_ge3,0.6916195929439508
grandBatch128,joint_ce_on,decoder_temp_threshold_composite,handan,AUROC_grade_ge3,0.5958037825059102
grandBatch128,joint_ce_on,decoder_temp_threshold_composite,handan_have_bmi,AUROC_grade_ge3,0.6057520404197435
grandBatch128,joint_ce_on,decoder_temp_threshold_composite,hebei,AUROC_grade_ge3,0.9487179487179487
grandBatch128,joint_ce_on,decoder_temp_threshold_composite,hfirstALL,AUROC_grade_ge3,0.5721804511278195
grandBatch128,joint_ce_on,decoder_temp_threshold_composite,hfirstALL_have_bmi,AUROC_grade_ge3,0.590118577075099
grandBatch128,joint_ce_on,decoder_temp_threshold_composite,internal,AUROC_grade_ge3,0.6916195929439508
grandBatch128_jointsoft_00,joint_ce_off,decoder_non_qwk,handan,AUROC_grade_ge3,0.6149527186761229
grandBatch128_jointsoft_00,joint_ce_off,decoder_non_qwk,handan_have_bmi,AUROC_grade_ge3,0.6237077341624563
grandBatch128_jointsoft_00,joint_ce_off,decoder_non_qwk,hebei,AUROC_grade_ge3,0.9600000000000001
grandBatch128_jointsoft_00,joint_ce_off,decoder_non_qwk,hfirstALL,AUROC_grade_ge3,0.5928153717627401
grandBatch128_jointsoft_00,joint_ce_off,decoder_non_qwk,hfirstALL_have_bmi,AUROC_grade_ge3,0.607509881422925
grandBatch128_jointsoft_00,joint_ce_off,decoder_non_qwk,internal,AUROC_grade_ge3,0.6825033137845731
grandBatch128_jointsoft_00,joint_ce_off,decoder_temp_ev_macro_f1,handan,AUROC_grade_ge3,0.6149527186761229
grandBatch128_jointsoft_00,joint_ce_off,decoder_temp_ev_macro_f1,handan_have_bmi,AUROC_grade_ge3,0.6237077341624563
grandBatch128_jointsoft_00,joint_ce_off,decoder_temp_ev_macro_f1,hebei,AUROC_grade_ge3,0.9600000000000001
grandBatch128_jointsoft_00,joint_ce_off,decoder_temp_ev_macro_f1,hfirstALL,AUROC_grade_ge3,0.5928153717627401
grandBatch128_jointsoft_00,joint_ce_off,decoder_temp_ev_macro_f1,hfirstALL_have_bmi,AUROC_grade_ge3,0.607509881422925
grandBatch128_jointsoft_00,joint_ce_off,decoder_temp_ev_macro_f1,internal,AUROC_grade_ge3,0.6825033137845731
grandBatch128_jointsoft_00,joint_ce_off,decoder_temp_threshold_composite,handan,AUROC_grade_ge3,0.6149527186761229
grandBatch128_jointsoft_00,joint_ce_off,decoder_temp_threshold_composite,handan_have_bmi,AUROC_grade_ge3,0.6237077341624563
grandBatch128_jointsoft_00,joint_ce_off,decoder_temp_threshold_composite,hebei,AUROC_grade_ge3,0.9600000000000001
grandBatch128_jointsoft_00,joint_ce_off,decoder_temp_threshold_composite,hfirstALL,AUROC_grade_ge3,0.5928153717627401
grandBatch128_jointsoft_00,joint_ce_off,decoder_temp_threshold_composite,hfirstALL_have_bmi,AUROC_grade_ge3,0.607509881422925
grandBatch128_jointsoft_00,joint_ce_off,decoder_temp_threshold_composite,internal,AUROC_grade_ge3,0.6825033137845731
grandBatch128,joint_ce_on,decoder_non_qwk,handan,AUROC_stage_any_htn,0.7095163635366089
grandBatch128,joint_ce_on,decoder_non_qwk,handan_have_bmi,AUROC_stage_any_htn,0.7178442028985508
grandBatch128,joint_ce_on,decoder_non_qwk,hebei,AUROC_stage_any_htn,0.9737436476566911
grandBatch128,joint_ce_on,decoder_non_qwk,hfirstALL,AUROC_stage_any_htn,0.6200692041522491
grandBatch128,joint_ce_on,decoder_non_qwk,hfirstALL_have_bmi,AUROC_stage_any_htn,0.6254773595199127
grandBatch128,joint_ce_on,decoder_non_qwk,internal,AUROC_stage_any_htn,0.8029058945483407
grandBatch128,joint_ce_on,decoder_temp_ev_macro_f1,handan,AUROC_stage_any_htn,0.7095163635366089
grandBatch128,joint_ce_on,decoder_temp_ev_macro_f1,handan_have_bmi,AUROC_stage_any_htn,0.7178442028985508
grandBatch128,joint_ce_on,decoder_temp_ev_macro_f1,hebei,AUROC_stage_any_htn,0.9737436476566911
grandBatch128,joint_ce_on,decoder_temp_ev_macro_f1,hfirstALL,AUROC_stage_any_htn,0.6200692041522491
grandBatch128,joint_ce_on,decoder_temp_ev_macro_f1,hfirstALL_have_bmi,AUROC_stage_any_htn,0.6254773595199127
grandBatch128,joint_ce_on,decoder_temp_ev_macro_f1,internal,AUROC_stage_any_htn,0.8029058945483407
grandBatch128,joint_ce_on,decoder_temp_threshold_composite,handan,AUROC_stage_any_htn,0.7095163635366089
grandBatch128,joint_ce_on,decoder_temp_threshold_composite,handan_have_bmi,AUROC_stage_any_htn,0.7178442028985508
grandBatch128,joint_ce_on,decoder_temp_threshold_composite,hebei,AUROC_stage_any_htn,0.9737436476566911
grandBatch128,joint_ce_on,decoder_temp_threshold_composite,hfirstALL,AUROC_stage_any_htn,0.6200692041522491
grandBatch128,joint_ce_on,decoder_temp_threshold_composite,hfirstALL_have_bmi,AUROC_stage_any_htn,0.6254773595199127
grandBatch128,joint_ce_on,decoder_temp_threshold_composite,internal,AUROC_stage_any_htn,0.8029058945483407
grandBatch128_jointsoft_00,joint_ce_off,decoder_non_qwk,handan,AUROC_stage_any_htn,0.7134666556936329
grandBatch128_jointsoft_00,joint_ce_off,decoder_non_qwk,handan_have_bmi,AUROC_stage_any_htn,0.7192028985507246
grandBatch128_jointsoft_00,joint_ce_off,decoder_non_qwk,hebei,AUROC_stage_any_htn,0.969932241671372
grandBatch128_jointsoft_00,joint_ce_off,decoder_non_qwk,hfirstALL,AUROC_stage_any_htn,0.6239907727797
grandBatch128_jointsoft_00,joint_ce_off,decoder_non_qwk,hfirstALL_have_bmi,AUROC_stage_any_htn,0.6276595744680851
grandBatch128_jointsoft_00,joint_ce_off,decoder_non_qwk,internal,AUROC_stage_any_htn,0.7995465188863373
grandBatch128_jointsoft_00,joint_ce_off,decoder_temp_ev_macro_f1,handan,AUROC_stage_any_htn,0.7134666556936329
grandBatch128_jointsoft_00,joint_ce_off,decoder_temp_ev_macro_f1,handan_have_bmi,AUROC_stage_any_htn,0.7192028985507246
grandBatch128_jointsoft_00,joint_ce_off,decoder_temp_ev_macro_f1,hebei,AUROC_stage_any_htn,0.969932241671372
grandBatch128_jointsoft_00,joint_ce_off,decoder_temp_ev_macro_f1,hfirstALL,AUROC_stage_any_htn,0.6239907727797
grandBatch128_jointsoft_00,joint_ce_off,decoder_temp_ev_macro_f1,hfirstALL_have_bmi,AUROC_stage_any_htn,0.6276595744680851
grandBatch128_jointsoft_00,joint_ce_off,decoder_temp_ev_macro_f1,internal,AUROC_stage_any_htn,0.7995465188863373
grandBatch128_jointsoft_00,joint_ce_off,decoder_temp_threshold_composite,handan,AUROC_stage_any_htn,0.7134666556936329
grandBatch128_jointsoft_00,joint_ce_off,decoder_temp_threshold_composite,handan_have_bmi,AUROC_stage_any_htn,0.7192028985507246
grandBatch128_jointsoft_00,joint_ce_off,decoder_temp_threshold_composite,hebei,AUROC_stage_any_htn,0.969932241671372
grandBatch128_jointsoft_00,joint_ce_off,decoder_temp_threshold_composite,hfirstALL,AUROC_stage_any_htn,0.6239907727797
grandBatch128_jointsoft_00,joint_ce_off,decoder_temp_threshold_composite,hfirstALL_have_bmi,AUROC_stage_any_htn,0.6276595744680851
grandBatch128_jointsoft_00,joint_ce_off,decoder_temp_threshold_composite,internal,AUROC_stage_any_htn,0.7995465188863373
grandBatch128,joint_ce_on,decoder_non_qwk,handan,AUROC_stage_ge1,0.7095163635366089
grandBatch128,joint_ce_on,decoder_non_qwk,handan_have_bmi,AUROC_stage_ge1,0.7178442028985508
grandBatch128,joint_ce_on,decoder_non_qwk,hebei,AUROC_stage_ge1,0.9737436476566911
grandBatch128,joint_ce_on,decoder_non_qwk,hfirstALL,AUROC_stage_ge1,0.6200692041522491
grandBatch128,joint_ce_on,decoder_non_qwk,hfirstALL_have_bmi,AUROC_stage_ge1,0.6254773595199127
grandBatch128,joint_ce_on,decoder_non_qwk,internal,AUROC_stage_ge1,0.8029058945483407
grandBatch128,joint_ce_on,decoder_temp_ev_macro_f1,handan,AUROC_stage_ge1,0.7095163635366089
grandBatch128,joint_ce_on,decoder_temp_ev_macro_f1,handan_have_bmi,AUROC_stage_ge1,0.7178442028985508
grandBatch128,joint_ce_on,decoder_temp_ev_macro_f1,hebei,AUROC_stage_ge1,0.9737436476566911
grandBatch128,joint_ce_on,decoder_temp_ev_macro_f1,hfirstALL,AUROC_stage_ge1,0.6200692041522491
grandBatch128,joint_ce_on,decoder_temp_ev_macro_f1,hfirstALL_have_bmi,AUROC_stage_ge1,0.6254773595199127
grandBatch128,joint_ce_on,decoder_temp_ev_macro_f1,internal,AUROC_stage_ge1,0.8029058945483407
grandBatch128,joint_ce_on,decoder_temp_threshold_composite,handan,AUROC_stage_ge1,0.7095163635366089
grandBatch128,joint_ce_on,decoder_temp_threshold_composite,handan_have_bmi,AUROC_stage_ge1,0.7178442028985508
grandBatch128,joint_ce_on,decoder_temp_threshold_composite,hebei,AUROC_stage_ge1,0.9737436476566911
grandBatch128,joint_ce_on,decoder_temp_threshold_composite,hfirstALL,AUROC_stage_ge1,0.6200692041522491
grandBatch128,joint_ce_on,decoder_temp_threshold_composite,hfirstALL_have_bmi,AUROC_stage_ge1,0.6254773595199127
grandBatch128,joint_ce_on,decoder_temp_threshold_composite,internal,AUROC_stage_ge1,0.8029058945483407
grandBatch128_jointsoft_00,joint_ce_off,decoder_non_qwk,handan,AUROC_stage_ge1,0.7134666556936329
grandBatch128_jointsoft_00,joint_ce_off,decoder_non_qwk,handan_have_bmi,AUROC_stage_ge1,0.7192028985507246
grandBatch128_jointsoft_00,joint_ce_off,decoder_non_qwk,hebei,AUROC_stage_ge1,0.969932241671372
grandBatch128_jointsoft_00,joint_ce_off,decoder_non_qwk,hfirstALL,AUROC_stage_ge1,0.6239907727797
grandBatch128_jointsoft_00,joint_ce_off,decoder_non_qwk,hfirstALL_have_bmi,AUROC_stage_ge1,0.6276595744680851
grandBatch128_jointsoft_00,joint_ce_off,decoder_non_qwk,internal,AUROC_stage_ge1,0.7995465188863373
grandBatch128_jointsoft_00,joint_ce_off,decoder_temp_ev_macro_f1,handan,AUROC_stage_ge1,0.7134666556936329
grandBatch128_jointsoft_00,joint_ce_off,decoder_temp_ev_macro_f1,handan_have_bmi,AUROC_stage_ge1,0.7192028985507246
grandBatch128_jointsoft_00,joint_ce_off,decoder_temp_ev_macro_f1,hebei,AUROC_stage_ge1,0.969932241671372
grandBatch128_jointsoft_00,joint_ce_off,decoder_temp_ev_macro_f1,hfirstALL,AUROC_stage_ge1,0.6239907727797
grandBatch128_jointsoft_00,joint_ce_off,decoder_temp_ev_macro_f1,hfirstALL_have_bmi,AUROC_stage_ge1,0.6276595744680851
grandBatch128_jointsoft_00,joint_ce_off,decoder_temp_ev_macro_f1,internal,AUROC_stage_ge1,0.7995465188863373
grandBatch128_jointsoft_00,joint_ce_off,decoder_temp_threshold_composite,handan,AUROC_stage_ge1,0.7134666556936329
grandBatch128_jointsoft_00,joint_ce_off,decoder_temp_threshold_composite,handan_have_bmi,AUROC_stage_ge1,0.7192028985507246
grandBatch128_jointsoft_00,joint_ce_off,decoder_temp_threshold_composite,hebei,AUROC_stage_ge1,0.969932241671372
grandBatch128_jointsoft_00,joint_ce_off,decoder_temp_threshold_composite,hfirstALL,AUROC_stage_ge1,0.6239907727797
grandBatch128_jointsoft_00,joint_ce_off,decoder_temp_threshold_composite,hfirstALL_have_bmi,AUROC_stage_ge1,0.6276595744680851
grandBatch128_jointsoft_00,joint_ce_off,decoder_temp_threshold_composite,internal,AUROC_stage_ge1,0.7995465188863373
grandBatch128,joint_ce_on,decoder_non_qwk,handan,AUROC_stage_ge2,0.7153012863913338
grandBatch128,joint_ce_on,decoder_non_qwk,handan_have_bmi,AUROC_stage_ge2,0.7249236298292902
grandBatch128,joint_ce_on,decoder_non_qwk,hebei,AUROC_stage_ge2,0.9649184975194898
grandBatch128,joint_ce_on,decoder_non_qwk,hfirstALL,AUROC_stage_ge2,0.6747417840375588
grandBatch128,joint_ce_on,decoder_non_qwk,hfirstALL_have_bmi,AUROC_stage_ge2,0.6929765886287627
grandBatch128,joint_ce_on,decoder_non_qwk,internal,AUROC_stage_ge2,0.8034982394289758
grandBatch128,joint_ce_on,decoder_temp_ev_macro_f1,handan,AUROC_stage_ge2,0.7153012863913338
grandBatch128,joint_ce_on,decoder_temp_ev_macro_f1,handan_have_bmi,AUROC_stage_ge2,0.7249236298292902
grandBatch128,joint_ce_on,decoder_temp_ev_macro_f1,hebei,AUROC_stage_ge2,0.9649184975194898
grandBatch128,joint_ce_on,decoder_temp_ev_macro_f1,hfirstALL,AUROC_stage_ge2,0.6747417840375588
grandBatch128,joint_ce_on,decoder_temp_ev_macro_f1,hfirstALL_have_bmi,AUROC_stage_ge2,0.6929765886287627
grandBatch128,joint_ce_on,decoder_temp_ev_macro_f1,internal,AUROC_stage_ge2,0.8034982394289758
grandBatch128,joint_ce_on,decoder_temp_threshold_composite,handan,AUROC_stage_ge2,0.7153012863913338
grandBatch128,joint_ce_on,decoder_temp_threshold_composite,handan_have_bmi,AUROC_stage_ge2,0.7249236298292902
grandBatch128,joint_ce_on,decoder_temp_threshold_composite,hebei,AUROC_stage_ge2,0.9649184975194898
grandBatch128,joint_ce_on,decoder_temp_threshold_composite,hfirstALL,AUROC_stage_ge2,0.6747417840375588
grandBatch128,joint_ce_on,decoder_temp_threshold_composite,hfirstALL_have_bmi,AUROC_stage_ge2,0.6929765886287627
grandBatch128,joint_ce_on,decoder_temp_threshold_composite,internal,AUROC_stage_ge2,0.8034982394289758
grandBatch128_jointsoft_00,joint_ce_off,decoder_non_qwk,handan,AUROC_stage_ge2,0.7233694425637553
grandBatch128_jointsoft_00,joint_ce_off,decoder_non_qwk,handan_have_bmi,AUROC_stage_ge2,0.7302425876010782
grandBatch128_jointsoft_00,joint_ce_off,decoder_non_qwk,hebei,AUROC_stage_ge2,0.9590715804394047
grandBatch128_jointsoft_00,joint_ce_off,decoder_non_qwk,hfirstALL,AUROC_stage_ge2,0.6831924882629108
grandBatch128_jointsoft_00,joint_ce_off,decoder_non_qwk,hfirstALL_have_bmi,AUROC_stage_ge2,0.6974358974358974
grandBatch128_jointsoft_00,joint_ce_off,decoder_non_qwk,internal,AUROC_stage_ge2,0.8014584409720262
grandBatch128_jointsoft_00,joint_ce_off,decoder_temp_ev_macro_f1,handan,AUROC_stage_ge2,0.7233694425637553
grandBatch128_jointsoft_00,joint_ce_off,decoder_temp_ev_macro_f1,handan_have_bmi,AUROC_stage_ge2,0.7302425876010782
grandBatch128_jointsoft_00,joint_ce_off,decoder_temp_ev_macro_f1,hebei,AUROC_stage_ge2,0.9590715804394047
grandBatch128_jointsoft_00,joint_ce_off,decoder_temp_ev_macro_f1,hfirstALL,AUROC_stage_ge2,0.6831924882629108
grandBatch128_jointsoft_00,joint_ce_off,decoder_temp_ev_macro_f1,hfirstALL_have_bmi,AUROC_stage_ge2,0.6974358974358974
grandBatch128_jointsoft_00,joint_ce_off,decoder_temp_ev_macro_f1,internal,AUROC_stage_ge2,0.8014584409720262
grandBatch128_jointsoft_00,joint_ce_off,decoder_temp_threshold_composite,handan,AUROC_stage_ge2,0.7233694425637553
grandBatch128_jointsoft_00,joint_ce_off,decoder_temp_threshold_composite,handan_have_bmi,AUROC_stage_ge2,0.7302425876010782
grandBatch128_jointsoft_00,joint_ce_off,decoder_temp_threshold_composite,hebei,AUROC_stage_ge2,0.9590715804394047
grandBatch128_jointsoft_00,joint_ce_off,decoder_temp_threshold_composite,hfirstALL,AUROC_stage_ge2,0.6831924882629108
grandBatch128_jointsoft_00,joint_ce_off,decoder_temp_threshold_composite,hfirstALL_have_bmi,AUROC_stage_ge2,0.6974358974358974
grandBatch128_jointsoft_00,joint_ce_off,decoder_temp_threshold_composite,internal,AUROC_stage_ge2,0.8014584409720262
grandBatch128,joint_ce_on,decoder_non_qwk,handan,ECE_grade_any_htn,0.22085073319348422
grandBatch128,joint_ce_on,decoder_non_qwk,handan_have_bmi,ECE_grade_any_htn,0.23584218864483683
grandBatch128,joint_ce_on,decoder_non_qwk,hebei,ECE_grade_any_htn,0.13856078356504442
grandBatch128,joint_ce_on,decoder_non_qwk,hfirstALL,ECE_grade_any_htn,0.3045877711805284
grandBatch128,joint_ce_on,decoder_non_qwk,hfirstALL_have_bmi,ECE_grade_any_htn,0.2859541685710399
grandBatch128,joint_ce_on,decoder_non_qwk,internal,ECE_grade_any_htn,0.07927424383667196
grandBatch128,joint_ce_on,decoder_temp_ev_macro_f1,handan,ECE_grade_any_htn,0.22085073319348422
grandBatch128,joint_ce_on,decoder_temp_ev_macro_f1,handan_have_bmi,ECE_grade_any_htn,0.23584218864483683
grandBatch128,joint_ce_on,decoder_temp_ev_macro_f1,hebei,ECE_grade_any_htn,0.13856078356504442
grandBatch128,joint_ce_on,decoder_temp_ev_macro_f1,hfirstALL,ECE_grade_any_htn,0.3045877711805284
grandBatch128,joint_ce_on,decoder_temp_ev_macro_f1,hfirstALL_have_bmi,ECE_grade_any_htn,0.2859541685710399
grandBatch128,joint_ce_on,decoder_temp_ev_macro_f1,internal,ECE_grade_any_htn,0.07927424383667196
grandBatch128,joint_ce_on,decoder_temp_threshold_composite,handan,ECE_grade_any_htn,0.22085073319348422
grandBatch128,joint_ce_on,decoder_temp_threshold_composite,handan_have_bmi,ECE_grade_any_htn,0.23584218864483683
grandBatch128,joint_ce_on,decoder_temp_threshold_composite,hebei,ECE_grade_any_htn,0.13856078356504442
grandBatch128,joint_ce_on,decoder_temp_threshold_composite,hfirstALL,ECE_grade_any_htn,0.3045877711805284
grandBatch128,joint_ce_on,decoder_temp_threshold_composite,hfirstALL_have_bmi,ECE_grade_any_htn,0.2859541685710399
grandBatch128,joint_ce_on,decoder_temp_threshold_composite,internal,ECE_grade_any_htn,0.07927424383667196
grandBatch128_jointsoft_00,joint_ce_off,decoder_non_qwk,handan,ECE_grade_any_htn,0.18891804644712817
grandBatch128_jointsoft_00,joint_ce_off,decoder_non_qwk,handan_have_bmi,ECE_grade_any_htn,0.19982064478600503
grandBatch128_jointsoft_00,joint_ce_off,decoder_non_qwk,hebei,ECE_grade_any_htn,0.11661399573087693
grandBatch128_jointsoft_00,joint_ce_off,decoder_non_qwk,hfirstALL,ECE_grade_any_htn,0.3298820664440344
grandBatch128_jointsoft_00,joint_ce_off,decoder_non_qwk,hfirstALL_have_bmi,ECE_grade_any_htn,0.3110109641046947
grandBatch128_jointsoft_00,joint_ce_off,decoder_non_qwk,internal,ECE_grade_any_htn,0.0689319743688682
grandBatch128_jointsoft_00,joint_ce_off,decoder_temp_ev_macro_f1,handan,ECE_grade_any_htn,0.18891804644712817
grandBatch128_jointsoft_00,joint_ce_off,decoder_temp_ev_macro_f1,handan_have_bmi,ECE_grade_any_htn,0.19982064478600503
grandBatch128_jointsoft_00,joint_ce_off,decoder_temp_ev_macro_f1,hebei,ECE_grade_any_htn,0.11661399573087693
grandBatch128_jointsoft_00,joint_ce_off,decoder_temp_ev_macro_f1,hfirstALL,ECE_grade_any_htn,0.3298820664440344
grandBatch128_jointsoft_00,joint_ce_off,decoder_temp_ev_macro_f1,hfirstALL_have_bmi,ECE_grade_any_htn,0.3110109641046947
grandBatch128_jointsoft_00,joint_ce_off,decoder_temp_ev_macro_f1,internal,ECE_grade_any_htn,0.0689319743688682
grandBatch128_jointsoft_00,joint_ce_off,decoder_temp_threshold_composite,handan,ECE_grade_any_htn,0.18891804644712817
grandBatch128_jointsoft_00,joint_ce_off,decoder_temp_threshold_composite,handan_have_bmi,ECE_grade_any_htn,0.19982064478600503
grandBatch128_jointsoft_00,joint_ce_off,decoder_temp_threshold_composite,hebei,ECE_grade_any_htn,0.11661399573087693
grandBatch128_jointsoft_00,joint_ce_off,decoder_temp_threshold_composite,hfirstALL,ECE_grade_any_htn,0.3298820664440344
grandBatch128_jointsoft_00,joint_ce_off,decoder_temp_threshold_composite,hfirstALL_have_bmi,ECE_grade_any_htn,0.3110109641046947
grandBatch128_jointsoft_00,joint_ce_off,decoder_temp_threshold_composite,internal,ECE_grade_any_htn,0.0689319743688682
grandBatch128,joint_ce_on,decoder_non_qwk,handan,Brier_grade_any_htn,0.18626271812489836
grandBatch128,joint_ce_on,decoder_non_qwk,handan_have_bmi,Brier_grade_any_htn,0.19365575935628593
grandBatch128,joint_ce_on,decoder_non_qwk,hebei,Brier_grade_any_htn,0.08876259345649215
grandBatch128,joint_ce_on,decoder_non_qwk,hfirstALL,Brier_grade_any_htn,0.2742643470331911
grandBatch128,joint_ce_on,decoder_non_qwk,hfirstALL_have_bmi,Brier_grade_any_htn,0.2602668349909444
grandBatch128,joint_ce_on,decoder_non_qwk,internal,Brier_grade_any_htn,0.17209976516098188
grandBatch128,joint_ce_on,decoder_temp_ev_macro_f1,handan,Brier_grade_any_htn,0.18626271812489836
grandBatch128,joint_ce_on,decoder_temp_ev_macro_f1,handan_have_bmi,Brier_grade_any_htn,0.19365575935628593
grandBatch128,joint_ce_on,decoder_temp_ev_macro_f1,hebei,Brier_grade_any_htn,0.08876259345649215
grandBatch128,joint_ce_on,decoder_temp_ev_macro_f1,hfirstALL,Brier_grade_any_htn,0.2742643470331911
grandBatch128,joint_ce_on,decoder_temp_ev_macro_f1,hfirstALL_have_bmi,Brier_grade_any_htn,0.2602668349909444
grandBatch128,joint_ce_on,decoder_temp_ev_macro_f1,internal,Brier_grade_any_htn,0.17209976516098188
grandBatch128,joint_ce_on,decoder_temp_threshold_composite,handan,Brier_grade_any_htn,0.18626271812489836
grandBatch128,joint_ce_on,decoder_temp_threshold_composite,handan_have_bmi,Brier_grade_any_htn,0.19365575935628593
grandBatch128,joint_ce_on,decoder_temp_threshold_composite,hebei,Brier_grade_any_htn,0.08876259345649215
grandBatch128,joint_ce_on,decoder_temp_threshold_composite,hfirstALL,Brier_grade_any_htn,0.2742643470331911
grandBatch128,joint_ce_on,decoder_temp_threshold_composite,hfirstALL_have_bmi,Brier_grade_any_htn,0.2602668349909444
grandBatch128,joint_ce_on,decoder_temp_threshold_composite,internal,Brier_grade_any_htn,0.17209976516098188
grandBatch128_jointsoft_00,joint_ce_off,decoder_non_qwk,handan,Brier_grade_any_htn,0.17543022414005205
grandBatch128_jointsoft_00,joint_ce_off,decoder_non_qwk,handan_have_bmi,Brier_grade_any_htn,0.17995451375610613
grandBatch128_jointsoft_00,joint_ce_off,decoder_non_qwk,hebei,Brier_grade_any_htn,0.09157245914056515
grandBatch128_jointsoft_00,joint_ce_off,decoder_non_qwk,hfirstALL,Brier_grade_any_htn,0.2980361355457678
grandBatch128_jointsoft_00,joint_ce_off,decoder_non_qwk,hfirstALL_have_bmi,Brier_grade_any_htn,0.284057836368935
grandBatch128_jointsoft_00,joint_ce_off,decoder_non_qwk,internal,Brier_grade_any_htn,0.17194369994090886
grandBatch128_jointsoft_00,joint_ce_off,decoder_temp_ev_macro_f1,handan,Brier_grade_any_htn,0.17543022414005205
grandBatch128_jointsoft_00,joint_ce_off,decoder_temp_ev_macro_f1,handan_have_bmi,Brier_grade_any_htn,0.17995451375610613
grandBatch128_jointsoft_00,joint_ce_off,decoder_temp_ev_macro_f1,hebei,Brier_grade_any_htn,0.09157245914056515
grandBatch128_jointsoft_00,joint_ce_off,decoder_temp_ev_macro_f1,hfirstALL,Brier_grade_any_htn,0.2980361355457678
grandBatch128_jointsoft_00,joint_ce_off,decoder_temp_ev_macro_f1,hfirstALL_have_bmi,Brier_grade_any_htn,0.284057836368935
grandBatch128_jointsoft_00,joint_ce_off,decoder_temp_ev_macro_f1,internal,Brier_grade_any_htn,0.17194369994090886
grandBatch128_jointsoft_00,joint_ce_off,decoder_temp_threshold_composite,handan,Brier_grade_any_htn,0.17543022414005205
grandBatch128_jointsoft_00,joint_ce_off,decoder_temp_threshold_composite,handan_have_bmi,Brier_grade_any_htn,0.17995451375610613
grandBatch128_jointsoft_00,joint_ce_off,decoder_temp_threshold_composite,hebei,Brier_grade_any_htn,0.09157245914056515
grandBatch128_jointsoft_00,joint_ce_off,decoder_temp_threshold_composite,hfirstALL,Brier_grade_any_htn,0.2980361355457678
grandBatch128_jointsoft_00,joint_ce_off,decoder_temp_threshold_composite,hfirstALL_have_bmi,Brier_grade_any_htn,0.284057836368935
grandBatch128_jointsoft_00,joint_ce_off,decoder_temp_threshold_composite,internal,Brier_grade_any_htn,0.17194369994090886
grandBatch128,joint_ce_on,decoder_non_qwk,handan,ECE_stage_any_htn,0.17998390329685135
grandBatch128,joint_ce_on,decoder_non_qwk,handan_have_bmi,ECE_stage_any_htn,0.19347566606752542
grandBatch128,joint_ce_on,decoder_non_qwk,hebei,ECE_stage_any_htn,0.12993354797363282
grandBatch128,joint_ce_on,decoder_non_qwk,hfirstALL,ECE_stage_any_htn,0.3441789144843952
grandBatch128,joint_ce_on,decoder_non_qwk,hfirstALL_have_bmi,ECE_stage_any_htn,0.32609156287949664
grandBatch128,joint_ce_on,decoder_non_qwk,internal,ECE_stage_any_htn,0.11804700326256086
grandBatch128,joint_ce_on,decoder_temp_ev_macro_f1,handan,ECE_stage_any_htn,0.17998390329685135
grandBatch128,joint_ce_on,decoder_temp_ev_macro_f1,handan_have_bmi,ECE_stage_any_htn,0.19347566606752542
grandBatch128,joint_ce_on,decoder_temp_ev_macro_f1,hebei,ECE_stage_any_htn,0.12993354797363282
grandBatch128,joint_ce_on,decoder_temp_ev_macro_f1,hfirstALL,ECE_stage_any_htn,0.3441789144843952
grandBatch128,joint_ce_on,decoder_temp_ev_macro_f1,hfirstALL_have_bmi,ECE_stage_any_htn,0.32609156287949664
grandBatch128,joint_ce_on,decoder_temp_ev_macro_f1,internal,ECE_stage_any_htn,0.11804700326256086
grandBatch128,joint_ce_on,decoder_temp_threshold_composite,handan,ECE_stage_any_htn,0.17998390329685135
grandBatch128,joint_ce_on,decoder_temp_threshold_composite,handan_have_bmi,ECE_stage_any_htn,0.19347566606752542
grandBatch128,joint_ce_on,decoder_temp_threshold_composite,hebei,ECE_stage_any_htn,0.12993354797363282
grandBatch128,joint_ce_on,decoder_temp_threshold_composite,hfirstALL,ECE_stage_any_htn,0.3441789144843952
grandBatch128,joint_ce_on,decoder_temp_threshold_composite,hfirstALL_have_bmi,ECE_stage_any_htn,0.32609156287949664
grandBatch128,joint_ce_on,decoder_temp_threshold_composite,internal,ECE_stage_any_htn,0.11804700326256086
grandBatch128_jointsoft_00,joint_ce_off,decoder_non_qwk,handan,ECE_stage_any_htn,0.14155329216139123
grandBatch128_jointsoft_00,joint_ce_off,decoder_non_qwk,handan_have_bmi,ECE_stage_any_htn,0.15177943928359336
grandBatch128_jointsoft_00,joint_ce_off,decoder_non_qwk,hebei,ECE_stage_any_htn,0.13331501603126528
grandBatch128_jointsoft_00,joint_ce_off,decoder_non_qwk,hfirstALL,ECE_stage_any_htn,0.3804069665762094
grandBatch128_jointsoft_00,joint_ce_off,decoder_non_qwk,hfirstALL_have_bmi,ECE_stage_any_htn,0.36202363368912865
grandBatch128_jointsoft_00,joint_ce_off,decoder_non_qwk,internal,ECE_stage_any_htn,0.10064121422709894
grandBatch128_jointsoft_00,joint_ce_off,decoder_temp_ev_macro_f1,handan,ECE_stage_any_htn,0.14155329216139123
grandBatch128_jointsoft_00,joint_ce_off,decoder_temp_ev_macro_f1,handan_have_bmi,ECE_stage_any_htn,0.15177943928359336
grandBatch128_jointsoft_00,joint_ce_off,decoder_temp_ev_macro_f1,hebei,ECE_stage_any_htn,0.13331501603126528
grandBatch128_jointsoft_00,joint_ce_off,decoder_temp_ev_macro_f1,hfirstALL,ECE_stage_any_htn,0.3804069665762094
grandBatch128_jointsoft_00,joint_ce_off,decoder_temp_ev_macro_f1,hfirstALL_have_bmi,ECE_stage_any_htn,0.36202363368912865
grandBatch128_jointsoft_00,joint_ce_off,decoder_temp_ev_macro_f1,internal,ECE_stage_any_htn,0.10064121422709894
grandBatch128_jointsoft_00,joint_ce_off,decoder_temp_threshold_composite,handan,ECE_stage_any_htn,0.14155329216139123
grandBatch128_jointsoft_00,joint_ce_off,decoder_temp_threshold_composite,handan_have_bmi,ECE_stage_any_htn,0.15177943928359336
grandBatch128_jointsoft_00,joint_ce_off,decoder_temp_threshold_composite,hebei,ECE_stage_any_htn,0.13331501603126528
grandBatch128_jointsoft_00,joint_ce_off,decoder_temp_threshold_composite,hfirstALL,ECE_stage_any_htn,0.3804069665762094
grandBatch128_jointsoft_00,joint_ce_off,decoder_temp_threshold_composite,hfirstALL_have_bmi,ECE_stage_any_htn,0.36202363368912865
grandBatch128_jointsoft_00,joint_ce_off,decoder_temp_threshold_composite,internal,ECE_stage_any_htn,0.10064121422709894
grandBatch128,joint_ce_on,decoder_non_qwk,handan,Brier_stage_any_htn,0.16869162744125485
grandBatch128,joint_ce_on,decoder_non_qwk,handan_have_bmi,Brier_stage_any_htn,0.17403319480215115
grandBatch128,joint_ce_on,decoder_non_qwk,hebei,Brier_stage_any_htn,0.09483131484129168
grandBatch128,joint_ce_on,decoder_non_qwk,hfirstALL,Brier_stage_any_htn,0.3026441369272258
grandBatch128,joint_ce_on,decoder_non_qwk,hfirstALL_have_bmi,Brier_stage_any_htn,0.28798201979781346
grandBatch128,joint_ce_on,decoder_non_qwk,internal,Brier_stage_any_htn,0.18289280959133095
grandBatch128,joint_ce_on,decoder_temp_ev_macro_f1,handan,Brier_stage_any_htn,0.16869162744125485
grandBatch128,joint_ce_on,decoder_temp_ev_macro_f1,handan_have_bmi,Brier_stage_any_htn,0.17403319480215115
grandBatch128,joint_ce_on,decoder_temp_ev_macro_f1,hebei,Brier_stage_any_htn,0.09483131484129168
grandBatch128,joint_ce_on,decoder_temp_ev_macro_f1,hfirstALL,Brier_stage_any_htn,0.3026441369272258
grandBatch128,joint_ce_on,decoder_temp_ev_macro_f1,hfirstALL_have_bmi,Brier_stage_any_htn,0.28798201979781346
grandBatch128,joint_ce_on,decoder_temp_ev_macro_f1,internal,Brier_stage_any_htn,0.18289280959133095
grandBatch128,joint_ce_on,decoder_temp_threshold_composite,handan,Brier_stage_any_htn,0.16869162744125485
grandBatch128,joint_ce_on,decoder_temp_threshold_composite,handan_have_bmi,Brier_stage_any_htn,0.17403319480215115
grandBatch128,joint_ce_on,decoder_temp_threshold_composite,hebei,Brier_stage_any_htn,0.09483131484129168
grandBatch128,joint_ce_on,decoder_temp_threshold_composite,hfirstALL,Brier_stage_any_htn,0.3026441369272258
grandBatch128,joint_ce_on,decoder_temp_threshold_composite,hfirstALL_have_bmi,Brier_stage_any_htn,0.28798201979781346
grandBatch128,joint_ce_on,decoder_temp_threshold_composite,internal,Brier_stage_any_htn,0.18289280959133095
grandBatch128_jointsoft_00,joint_ce_off,decoder_non_qwk,handan,Brier_stage_any_htn,0.15828717383433036
grandBatch128_jointsoft_00,joint_ce_off,decoder_non_qwk,handan_have_bmi,Brier_stage_any_htn,0.16179450943726637
grandBatch128_jointsoft_00,joint_ce_off,decoder_non_qwk,hebei,Brier_stage_any_htn,0.10095004424683751
grandBatch128_jointsoft_00,joint_ce_off,decoder_non_qwk,hfirstALL,Brier_stage_any_htn,0.33404747778232113
grandBatch128_jointsoft_00,joint_ce_off,decoder_non_qwk,hfirstALL_have_bmi,Brier_stage_any_htn,0.3186290379391659
grandBatch128_jointsoft_00,joint_ce_off,decoder_non_qwk,internal,Brier_stage_any_htn,0.1813595278289579
grandBatch128_jointsoft_00,joint_ce_off,decoder_temp_ev_macro_f1,handan,Brier_stage_any_htn,0.15828717383433036
grandBatch128_jointsoft_00,joint_ce_off,decoder_temp_ev_macro_f1,handan_have_bmi,Brier_stage_any_htn,0.16179450943726637
grandBatch128_jointsoft_00,joint_ce_off,decoder_temp_ev_macro_f1,hebei,Brier_stage_any_htn,0.10095004424683751
grandBatch128_jointsoft_00,joint_ce_off,decoder_temp_ev_macro_f1,hfirstALL,Brier_stage_any_htn,0.33404747778232113
grandBatch128_jointsoft_00,joint_ce_off,decoder_temp_ev_macro_f1,hfirstALL_have_bmi,Brier_stage_any_htn,0.3186290379391659
grandBatch128_jointsoft_00,joint_ce_off,decoder_temp_ev_macro_f1,internal,Brier_stage_any_htn,0.1813595278289579
grandBatch128_jointsoft_00,joint_ce_off,decoder_temp_threshold_composite,handan,Brier_stage_any_htn,0.15828717383433036
grandBatch128_jointsoft_00,joint_ce_off,decoder_temp_threshold_composite,handan_have_bmi,Brier_stage_any_htn,0.16179450943726637
grandBatch128_jointsoft_00,joint_ce_off,decoder_temp_threshold_composite,hebei,Brier_stage_any_htn,0.10095004424683751
grandBatch128_jointsoft_00,joint_ce_off,decoder_temp_threshold_composite,hfirstALL,Brier_stage_any_htn,0.33404747778232113
grandBatch128_jointsoft_00,joint_ce_off,decoder_temp_threshold_composite,hfirstALL_have_bmi,Brier_stage_any_htn,0.3186290379391659
grandBatch128_jointsoft_00,joint_ce_off,decoder_temp_threshold_composite,internal,Brier_stage_any_htn,0.1813595278289579
grandBatch128,joint_ce_on,decoder_non_qwk,handan,invalid_rate,0.05138339920948617
grandBatch128,joint_ce_on,decoder_non_qwk,handan_have_bmi,invalid_rate,0.05829596412556054
grandBatch128,joint_ce_on,decoder_non_qwk,hebei,invalid_rate,0.03
grandBatch128,joint_ce_on,decoder_non_qwk,hfirstALL,invalid_rate,0.10407239819004525
grandBatch128,joint_ce_on,decoder_non_qwk,hfirstALL_have_bmi,invalid_rate,0.10837438423645321
grandBatch128,joint_ce_on,decoder_non_qwk,internal,invalid_rate,0.11028085544962639
grandBatch128,joint_ce_on,decoder_temp_ev_macro_f1,handan,invalid_rate,0.11462450592885376
grandBatch128,joint_ce_on,decoder_temp_ev_macro_f1,handan_have_bmi,invalid_rate,0.11659192825112108
grandBatch128,joint_ce_on,decoder_temp_ev_macro_f1,hebei,invalid_rate,0.025
grandBatch128,joint_ce_on,decoder_temp_ev_macro_f1,hfirstALL,invalid_rate,0.09502262443438914
grandBatch128,joint_ce_on,decoder_temp_ev_macro_f1,hfirstALL_have_bmi,invalid_rate,0.09852216748768473
grandBatch128,joint_ce_on,decoder_temp_ev_macro_f1,internal,invalid_rate,0.05179077557330585
grandBatch128,joint_ce_on,decoder_temp_threshold_composite,handan,invalid_rate,0.13636363636363635
grandBatch128,joint_ce_on,decoder_temp_threshold_composite,handan_have_bmi,invalid_rate,0.14798206278026907
grandBatch128,joint_ce_on,decoder_temp_threshold_composite,hebei,invalid_rate,0.045
grandBatch128,joint_ce_on,decoder_temp_threshold_composite,hfirstALL,invalid_rate,0.13574660633484162
grandBatch128,joint_ce_on,decoder_temp_threshold_composite,hfirstALL_have_bmi,invalid_rate,0.14285714285714285
grandBatch128,joint_ce_on,decoder_temp_threshold_composite,internal,invalid_rate,0.05694408657562484
grandBatch128_jointsoft_00,joint_ce_off,decoder_non_qwk,handan,invalid_rate,0.06521739130434782
grandBatch128_jointsoft_00,joint_ce_off,decoder_non_qwk,handan_have_bmi,invalid_rate,0.06726457399103139
grandBatch128_jointsoft_00,joint_ce_off,decoder_non_qwk,hebei,invalid_rate,0.025
grandBatch128_jointsoft_00,joint_ce_off,decoder_non_qwk,hfirstALL,invalid_rate,0.11764705882352941
grandBatch128_jointsoft_00,joint_ce_off,decoder_non_qwk,hfirstALL_have_bmi,invalid_rate,0.12315270935960591
grandBatch128_jointsoft_00,joint_ce_off,decoder_non_qwk,internal,invalid_rate,0.11878381860345272
grandBatch128_jointsoft_00,joint_ce_off,decoder_temp_ev_macro_f1,handan,invalid_rate,0.06521739130434782
grandBatch128_jointsoft_00,joint_ce_off,decoder_temp_ev_macro_f1,handan_have_bmi,invalid_rate,0.07174887892376682
grandBatch128_jointsoft_00,joint_ce_off,decoder_temp_ev_macro_f1,hebei,invalid_rate,0.025
grandBatch128_jointsoft_00,joint_ce_off,decoder_temp_ev_macro_f1,hfirstALL,invalid_rate,0.058823529411764705
grandBatch128_jointsoft_00,joint_ce_off,decoder_temp_ev_macro_f1,hfirstALL_have_bmi,invalid_rate,0.06403940886699508
grandBatch128_jointsoft_00,joint_ce_off,decoder_temp_ev_macro_f1,internal,invalid_rate,0.04096882246843597
grandBatch128_jointsoft_00,joint_ce_off,decoder_temp_threshold_composite,handan,invalid_rate,0.21146245059288538
grandBatch128_jointsoft_00,joint_ce_off,decoder_temp_threshold_composite,handan_have_bmi,invalid_rate,0.2242152466367713
grandBatch128_jointsoft_00,joint_ce_off,decoder_temp_threshold_composite,hebei,invalid_rate,0.08
grandBatch128_jointsoft_00,joint_ce_off,decoder_temp_threshold_composite,hfirstALL,invalid_rate,0.18099547511312217
grandBatch128_jointsoft_00,joint_ce_off,decoder_temp_threshold_composite,hfirstALL_have_bmi,invalid_rate,0.18226600985221675
grandBatch128_jointsoft_00,joint_ce_off,decoder_temp_threshold_composite,internal,invalid_rate,0.08812161813965473
grandBatch128,joint_ce_on,decoder_non_qwk,handan,MAE_grade_fused,0.5237154150197628
grandBatch128,joint_ce_on,decoder_non_qwk,handan_have_bmi,MAE_grade_fused,0.5426008968609866
grandBatch128,joint_ce_on,decoder_non_qwk,hebei,MAE_grade_fused,0.32
grandBatch128,joint_ce_on,decoder_non_qwk,hfirstALL,MAE_grade_fused,1.6334841628959276
grandBatch128,joint_ce_on,decoder_non_qwk,hfirstALL_have_bmi,MAE_grade_fused,1.6157635467980296
grandBatch128,joint_ce_on,decoder_non_qwk,internal,MAE_grade_fused,1.0350425148157691
grandBatch128,joint_ce_on,decoder_temp_ev_macro_f1,handan,MAE_grade_fused,0.5237154150197628
grandBatch128,joint_ce_on,decoder_temp_ev_macro_f1,handan_have_bmi,MAE_grade_fused,0.5426008968609866
grandBatch128,joint_ce_on,decoder_temp_ev_macro_f1,hebei,MAE_grade_fused,0.32
grandBatch128,joint_ce_on,decoder_temp_ev_macro_f1,hfirstALL,MAE_grade_fused,1.6334841628959276
grandBatch128,joint_ce_on,decoder_temp_ev_macro_f1,hfirstALL_have_bmi,MAE_grade_fused,1.6157635467980296
grandBatch128,joint_ce_on,decoder_temp_ev_macro_f1,internal,MAE_grade_fused,1.0350425148157691
grandBatch128,joint_ce_on,decoder_temp_threshold_composite,handan,MAE_grade_fused,0.5237154150197628
grandBatch128,joint_ce_on,decoder_temp_threshold_composite,handan_have_bmi,MAE_grade_fused,0.5426008968609866
grandBatch128,joint_ce_on,decoder_temp_threshold_composite,hebei,MAE_grade_fused,0.32
grandBatch128,joint_ce_on,decoder_temp_threshold_composite,hfirstALL,MAE_grade_fused,1.6334841628959276
grandBatch128,joint_ce_on,decoder_temp_threshold_composite,hfirstALL_have_bmi,MAE_grade_fused,1.6157635467980296
grandBatch128,joint_ce_on,decoder_temp_threshold_composite,internal,MAE_grade_fused,1.0350425148157691
grandBatch128_jointsoft_00,joint_ce_off,decoder_non_qwk,handan,MAE_grade_fused,0.5335968379446641
grandBatch128_jointsoft_00,joint_ce_off,decoder_non_qwk,handan_have_bmi,MAE_grade_fused,0.5336322869955157
grandBatch128_jointsoft_00,joint_ce_off,decoder_non_qwk,hebei,MAE_grade_fused,0.31
grandBatch128_jointsoft_00,joint_ce_off,decoder_non_qwk,hfirstALL,MAE_grade_fused,1.6199095022624435
grandBatch128_jointsoft_00,joint_ce_off,decoder_non_qwk,hfirstALL_have_bmi,MAE_grade_fused,1.5960591133004927
grandBatch128_jointsoft_00,joint_ce_off,decoder_non_qwk,internal,MAE_grade_fused,1.0680237052306107
grandBatch128_jointsoft_00,joint_ce_off,decoder_temp_ev_macro_f1,handan,MAE_grade_fused,0.5335968379446641
grandBatch128_jointsoft_00,joint_ce_off,decoder_temp_ev_macro_f1,handan_have_bmi,MAE_grade_fused,0.5336322869955157
grandBatch128_jointsoft_00,joint_ce_off,decoder_temp_ev_macro_f1,hebei,MAE_grade_fused,0.31
grandBatch128_jointsoft_00,joint_ce_off,decoder_temp_ev_macro_f1,hfirstALL,MAE_grade_fused,1.6199095022624435
grandBatch128_jointsoft_00,joint_ce_off,decoder_temp_ev_macro_f1,hfirstALL_have_bmi,MAE_grade_fused,1.5960591133004927
grandBatch128_jointsoft_00,joint_ce_off,decoder_temp_ev_macro_f1,internal,MAE_grade_fused,1.0680237052306107
grandBatch128_jointsoft_00,joint_ce_off,decoder_temp_threshold_composite,handan,MAE_grade_fused,0.5335968379446641
grandBatch128_jointsoft_00,joint_ce_off,decoder_temp_threshold_composite,handan_have_bmi,MAE_grade_fused,0.5336322869955157
grandBatch128_jointsoft_00,joint_ce_off,decoder_temp_threshold_composite,hebei,MAE_grade_fused,0.31
grandBatch128_jointsoft_00,joint_ce_off,decoder_temp_threshold_composite,hfirstALL,MAE_grade_fused,1.6199095022624435
grandBatch128_jointsoft_00,joint_ce_off,decoder_temp_threshold_composite,hfirstALL_have_bmi,MAE_grade_fused,1.5960591133004927
grandBatch128_jointsoft_00,joint_ce_off,decoder_temp_threshold_composite,internal,MAE_grade_fused,1.0680237052306107
grandBatch128,joint_ce_on,decoder_non_qwk,handan,QWK_grade_fused,0.13595706618962422
grandBatch128,joint_ce_on,decoder_non_qwk,handan_have_bmi,QWK_grade_fused,0.1462563605524595
grandBatch128,joint_ce_on,decoder_non_qwk,hebei,QWK_grade_fused,0.4043428818974387
grandBatch128,joint_ce_on,decoder_non_qwk,hfirstALL,QWK_grade_fused,0.07533884879422637
grandBatch128,joint_ce_on,decoder_non_qwk,hfirstALL_have_bmi,QWK_grade_fused,0.08174404486897091
grandBatch128,joint_ce_on,decoder_non_qwk,internal,QWK_grade_fused,0.30155283558584967
grandBatch128,joint_ce_on,decoder_temp_ev_macro_f1,handan,QWK_grade_fused,0.13595706618962422
grandBatch128,joint_ce_on,decoder_temp_ev_macro_f1,handan_have_bmi,QWK_grade_fused,0.1462563605524595
grandBatch128,joint_ce_on,decoder_temp_ev_macro_f1,hebei,QWK_grade_fused,0.4043428818974387
grandBatch128,joint_ce_on,decoder_temp_ev_macro_f1,hfirstALL,QWK_grade_fused,0.07533884879422637
grandBatch128,joint_ce_on,decoder_temp_ev_macro_f1,hfirstALL_have_bmi,QWK_grade_fused,0.08174404486897091
grandBatch128,joint_ce_on,decoder_temp_ev_macro_f1,internal,QWK_grade_fused,0.30155283558584967
grandBatch128,joint_ce_on,decoder_temp_threshold_composite,handan,QWK_grade_fused,0.13595706618962422
grandBatch128,joint_ce_on,decoder_temp_threshold_composite,handan_have_bmi,QWK_grade_fused,0.1462563605524595
grandBatch128,joint_ce_on,decoder_temp_threshold_composite,hebei,QWK_grade_fused,0.4043428818974387
grandBatch128,joint_ce_on,decoder_temp_threshold_composite,hfirstALL,QWK_grade_fused,0.07533884879422637
grandBatch128,joint_ce_on,decoder_temp_threshold_composite,hfirstALL_have_bmi,QWK_grade_fused,0.08174404486897091
grandBatch128,joint_ce_on,decoder_temp_threshold_composite,internal,QWK_grade_fused,0.30155283558584967
grandBatch128_jointsoft_00,joint_ce_off,decoder_non_qwk,handan,QWK_grade_fused,0.1778588640275388
grandBatch128_jointsoft_00,joint_ce_off,decoder_non_qwk,handan_have_bmi,QWK_grade_fused,0.20469841123753219
grandBatch128_jointsoft_00,joint_ce_off,decoder_non_qwk,hebei,QWK_grade_fused,0.43683327015757845
grandBatch128_jointsoft_00,joint_ce_off,decoder_non_qwk,hfirstALL,QWK_grade_fused,0.07798652959943264
grandBatch128_jointsoft_00,joint_ce_off,decoder_non_qwk,hfirstALL_have_bmi,QWK_grade_fused,0.08569475043683061
grandBatch128_jointsoft_00,joint_ce_off,decoder_non_qwk,internal,QWK_grade_fused,0.2902326083572849
grandBatch128_jointsoft_00,joint_ce_off,decoder_temp_ev_macro_f1,handan,QWK_grade_fused,0.1778588640275388
grandBatch128_jointsoft_00,joint_ce_off,decoder_temp_ev_macro_f1,handan_have_bmi,QWK_grade_fused,0.20469841123753219
grandBatch128_jointsoft_00,joint_ce_off,decoder_temp_ev_macro_f1,hebei,QWK_grade_fused,0.43683327015757845
grandBatch128_jointsoft_00,joint_ce_off,decoder_temp_ev_macro_f1,hfirstALL,QWK_grade_fused,0.07798652959943264
grandBatch128_jointsoft_00,joint_ce_off,decoder_temp_ev_macro_f1,hfirstALL_have_bmi,QWK_grade_fused,0.08569475043683061
grandBatch128_jointsoft_00,joint_ce_off,decoder_temp_ev_macro_f1,internal,QWK_grade_fused,0.2902326083572849
grandBatch128_jointsoft_00,joint_ce_off,decoder_temp_threshold_composite,handan,QWK_grade_fused,0.1778588640275388
grandBatch128_jointsoft_00,joint_ce_off,decoder_temp_threshold_composite,handan_have_bmi,QWK_grade_fused,0.20469841123753219
grandBatch128_jointsoft_00,joint_ce_off,decoder_temp_threshold_composite,hebei,QWK_grade_fused,0.43683327015757845
grandBatch128_jointsoft_00,joint_ce_off,decoder_temp_threshold_composite,hfirstALL,QWK_grade_fused,0.07798652959943264
grandBatch128_jointsoft_00,joint_ce_off,decoder_temp_threshold_composite,hfirstALL_have_bmi,QWK_grade_fused,0.08569475043683061
grandBatch128_jointsoft_00,joint_ce_off,decoder_temp_threshold_composite,internal,QWK_grade_fused,0.2902326083572849
grandBatch128,joint_ce_on,decoder_non_qwk,handan,MAE_stage_fused,0.3932806324110672
grandBatch128,joint_ce_on,decoder_non_qwk,handan_have_bmi,MAE_stage_fused,0.40582959641255606
grandBatch128,joint_ce_on,decoder_non_qwk,hebei,MAE_stage_fused,0.33
grandBatch128,joint_ce_on,decoder_non_qwk,hfirstALL,MAE_stage_fused,1.1945701357466063
grandBatch128,joint_ce_on,decoder_non_qwk,hfirstALL_have_bmi,MAE_stage_fused,1.1822660098522169
grandBatch128,joint_ce_on,decoder_non_qwk,internal,MAE_stage_fused,0.6482865240917289
grandBatch128,joint_ce_on,decoder_temp_ev_macro_f1,handan,MAE_stage_fused,0.3932806324110672
grandBatch128,joint_ce_on,decoder_temp_ev_macro_f1,handan_have_bmi,MAE_stage_fused,0.40582959641255606
grandBatch128,joint_ce_on,decoder_temp_ev_macro_f1,hebei,MAE_stage_fused,0.33
grandBatch128,joint_ce_on,decoder_temp_ev_macro_f1,hfirstALL,MAE_stage_fused,1.1945701357466063
grandBatch128,joint_ce_on,decoder_temp_ev_macro_f1,hfirstALL_have_bmi,MAE_stage_fused,1.1822660098522169
grandBatch128,joint_ce_on,decoder_temp_ev_macro_f1,internal,MAE_stage_fused,0.6482865240917289
grandBatch128,joint_ce_on,decoder_temp_threshold_composite,handan,MAE_stage_fused,0.3932806324110672
grandBatch128,joint_ce_on,decoder_temp_threshold_composite,handan_have_bmi,MAE_stage_fused,0.40582959641255606
grandBatch128,joint_ce_on,decoder_temp_threshold_composite,hebei,MAE_stage_fused,0.33
grandBatch128,joint_ce_on,decoder_temp_threshold_composite,hfirstALL,MAE_stage_fused,1.1945701357466063
grandBatch128,joint_ce_on,decoder_temp_threshold_composite,hfirstALL_have_bmi,MAE_stage_fused,1.1822660098522169
grandBatch128,joint_ce_on,decoder_temp_threshold_composite,internal,MAE_stage_fused,0.6482865240917289
grandBatch128_jointsoft_00,joint_ce_off,decoder_non_qwk,handan,MAE_stage_fused,0.3893280632411067
grandBatch128_jointsoft_00,joint_ce_off,decoder_non_qwk,handan_have_bmi,MAE_stage_fused,0.38789237668161436
grandBatch128_jointsoft_00,joint_ce_off,decoder_non_qwk,hebei,MAE_stage_fused,0.33
grandBatch128_jointsoft_00,joint_ce_off,decoder_non_qwk,hfirstALL,MAE_stage_fused,1.158371040723982
grandBatch128_jointsoft_00,joint_ce_off,decoder_non_qwk,hfirstALL_have_bmi,MAE_stage_fused,1.1330049261083743
grandBatch128_jointsoft_00,joint_ce_off,decoder_non_qwk,internal,MAE_stage_fused,0.6227776346302499
grandBatch128_jointsoft_00,joint_ce_off,decoder_temp_ev_macro_f1,handan,MAE_stage_fused,0.3893280632411067
grandBatch128_jointsoft_00,joint_ce_off,decoder_temp_ev_macro_f1,handan_have_bmi,MAE_stage_fused,0.38789237668161436
grandBatch128_jointsoft_00,joint_ce_off,decoder_temp_ev_macro_f1,hebei,MAE_stage_fused,0.33
grandBatch128_jointsoft_00,joint_ce_off,decoder_temp_ev_macro_f1,hfirstALL,MAE_stage_fused,1.158371040723982
grandBatch128_jointsoft_00,joint_ce_off,decoder_temp_ev_macro_f1,hfirstALL_have_bmi,MAE_stage_fused,1.1330049261083743
grandBatch128_jointsoft_00,joint_ce_off,decoder_temp_ev_macro_f1,internal,MAE_stage_fused,0.6227776346302499
grandBatch128_jointsoft_00,joint_ce_off,decoder_temp_threshold_composite,handan,MAE_stage_fused,0.3893280632411067
grandBatch128_jointsoft_00,joint_ce_off,decoder_temp_threshold_composite,handan_have_bmi,MAE_stage_fused,0.38789237668161436
grandBatch128_jointsoft_00,joint_ce_off,decoder_temp_threshold_composite,hebei,MAE_stage_fused,0.33
grandBatch128_jointsoft_00,joint_ce_off,decoder_temp_threshold_composite,hfirstALL,MAE_stage_fused,1.158371040723982
grandBatch128_jointsoft_00,joint_ce_off,decoder_temp_threshold_composite,hfirstALL_have_bmi,MAE_stage_fused,1.1330049261083743
grandBatch128_jointsoft_00,joint_ce_off,decoder_temp_threshold_composite,internal,MAE_stage_fused,0.6227776346302499
grandBatch128,joint_ce_on,decoder_non_qwk,handan,QWK_stage_fused,0.1328624606280424
grandBatch128,joint_ce_on,decoder_non_qwk,handan_have_bmi,QWK_stage_fused,0.14242713142587815
grandBatch128,joint_ce_on,decoder_non_qwk,hebei,QWK_stage_fused,0.27184466019417486
grandBatch128,joint_ce_on,decoder_non_qwk,hfirstALL,QWK_stage_fused,0.07050602728838262
grandBatch128,joint_ce_on,decoder_non_qwk,hfirstALL_have_bmi,QWK_stage_fused,0.07280276816608999
grandBatch128,joint_ce_on,decoder_non_qwk,internal,QWK_stage_fused,0.37896449029405954
grandBatch128,joint_ce_on,decoder_temp_ev_macro_f1,handan,QWK_stage_fused,0.1328624606280424
grandBatch128,joint_ce_on,decoder_temp_ev_macro_f1,handan_have_bmi,QWK_stage_fused,0.14242713142587815
grandBatch128,joint_ce_on,decoder_temp_ev_macro_f1,hebei,QWK_stage_fused,0.27184466019417486
grandBatch128,joint_ce_on,decoder_temp_ev_macro_f1,hfirstALL,QWK_stage_fused,0.07050602728838262
grandBatch128,joint_ce_on,decoder_temp_ev_macro_f1,hfirstALL_have_bmi,QWK_stage_fused,0.07280276816608999
grandBatch128,joint_ce_on,decoder_temp_ev_macro_f1,internal,QWK_stage_fused,0.37896449029405954
grandBatch128,joint_ce_on,decoder_temp_threshold_composite,handan,QWK_stage_fused,0.1328624606280424
grandBatch128,joint_ce_on,decoder_temp_threshold_composite,handan_have_bmi,QWK_stage_fused,0.14242713142587815
grandBatch128,joint_ce_on,decoder_temp_threshold_composite,hebei,QWK_stage_fused,0.27184466019417486
grandBatch128,joint_ce_on,decoder_temp_threshold_composite,hfirstALL,QWK_stage_fused,0.07050602728838262
grandBatch128,joint_ce_on,decoder_temp_threshold_composite,hfirstALL_have_bmi,QWK_stage_fused,0.07280276816608999
grandBatch128,joint_ce_on,decoder_temp_threshold_composite,internal,QWK_stage_fused,0.37896449029405954
grandBatch128_jointsoft_00,joint_ce_off,decoder_non_qwk,handan,QWK_stage_fused,0.18432184173421162
grandBatch128_jointsoft_00,joint_ce_off,decoder_non_qwk,handan_have_bmi,QWK_stage_fused,0.21038722398290477
grandBatch128_jointsoft_00,joint_ce_off,decoder_non_qwk,hebei,QWK_stage_fused,0.27184466019417486
grandBatch128_jointsoft_00,joint_ce_off,decoder_non_qwk,hfirstALL,QWK_stage_fused,0.09083915850028423
grandBatch128_jointsoft_00,joint_ce_off,decoder_non_qwk,hfirstALL_have_bmi,QWK_stage_fused,0.09998595702850721
grandBatch128_jointsoft_00,joint_ce_off,decoder_non_qwk,internal,QWK_stage_fused,0.39691375649403127
grandBatch128_jointsoft_00,joint_ce_off,decoder_temp_ev_macro_f1,handan,QWK_stage_fused,0.18432184173421162
grandBatch128_jointsoft_00,joint_ce_off,decoder_temp_ev_macro_f1,handan_have_bmi,QWK_stage_fused,0.21038722398290477
grandBatch128_jointsoft_00,joint_ce_off,decoder_temp_ev_macro_f1,hebei,QWK_stage_fused,0.27184466019417486
grandBatch128_jointsoft_00,joint_ce_off,decoder_temp_ev_macro_f1,hfirstALL,QWK_stage_fused,0.09083915850028423
grandBatch128_jointsoft_00,joint_ce_off,decoder_temp_ev_macro_f1,hfirstALL_have_bmi,QWK_stage_fused,0.09998595702850721
grandBatch128_jointsoft_00,joint_ce_off,decoder_temp_ev_macro_f1,internal,QWK_stage_fused,0.39691375649403127
grandBatch128_jointsoft_00,joint_ce_off,decoder_temp_threshold_composite,handan,QWK_stage_fused,0.18432184173421162
grandBatch128_jointsoft_00,joint_ce_off,decoder_temp_threshold_composite,handan_have_bmi,QWK_stage_fused,0.21038722398290477
grandBatch128_jointsoft_00,joint_ce_off,decoder_temp_threshold_composite,hebei,QWK_stage_fused,0.27184466019417486
grandBatch128_jointsoft_00,joint_ce_off,decoder_temp_threshold_composite,hfirstALL,QWK_stage_fused,0.09083915850028423
grandBatch128_jointsoft_00,joint_ce_off,decoder_temp_threshold_composite,hfirstALL_have_bmi,QWK_stage_fused,0.09998595702850721
grandBatch128_jointsoft_00,joint_ce_off,decoder_temp_threshold_composite,internal,QWK_stage_fused,0.39691375649403127
grandBatch128,joint_ce_on,decoder_non_qwk,handan,ACC_grade_fused,0.7845849802371542
grandBatch128,joint_ce_on,decoder_non_qwk,handan_have_bmi,ACC_grade_fused,0.7757847533632287
grandBatch128,joint_ce_on,decoder_non_qwk,hebei,ACC_grade_fused,0.785
grandBatch128,joint_ce_on,decoder_non_qwk,hfirstALL,ACC_grade_fused,0.29411764705882354
grandBatch128,joint_ce_on,decoder_non_qwk,hfirstALL_have_bmi,ACC_grade_fused,0.30049261083743845
grandBatch128,joint_ce_on,decoder_non_qwk,internal,ACC_grade_fused,0.38649832517392424
grandBatch128,joint_ce_on,decoder_temp_ev_macro_f1,handan,ACC_grade_fused,0.7845849802371542
grandBatch128,joint_ce_on,decoder_temp_ev_macro_f1,handan_have_bmi,ACC_grade_fused,0.7757847533632287
grandBatch128,joint_ce_on,decoder_temp_ev_macro_f1,hebei,ACC_grade_fused,0.785
grandBatch128,joint_ce_on,decoder_temp_ev_macro_f1,hfirstALL,ACC_grade_fused,0.29411764705882354
grandBatch128,joint_ce_on,decoder_temp_ev_macro_f1,hfirstALL_have_bmi,ACC_grade_fused,0.30049261083743845
grandBatch128,joint_ce_on,decoder_temp_ev_macro_f1,internal,ACC_grade_fused,0.38649832517392424
grandBatch128,joint_ce_on,decoder_temp_threshold_composite,handan,ACC_grade_fused,0.7845849802371542
grandBatch128,joint_ce_on,decoder_temp_threshold_composite,handan_have_bmi,ACC_grade_fused,0.7757847533632287
grandBatch128,joint_ce_on,decoder_temp_threshold_composite,hebei,ACC_grade_fused,0.785
grandBatch128,joint_ce_on,decoder_temp_threshold_composite,hfirstALL,ACC_grade_fused,0.29411764705882354
grandBatch128,joint_ce_on,decoder_temp_threshold_composite,hfirstALL_have_bmi,ACC_grade_fused,0.30049261083743845
grandBatch128,joint_ce_on,decoder_temp_threshold_composite,internal,ACC_grade_fused,0.38649832517392424
grandBatch128_jointsoft_00,joint_ce_off,decoder_non_qwk,handan,ACC_grade_fused,0.7786561264822134
grandBatch128_jointsoft_00,joint_ce_off,decoder_non_qwk,handan_have_bmi,ACC_grade_fused,0.7757847533632287
grandBatch128_jointsoft_00,joint_ce_off,decoder_non_qwk,hebei,ACC_grade_fused,0.785
grandBatch128_jointsoft_00,joint_ce_off,decoder_non_qwk,hfirstALL,ACC_grade_fused,0.2986425339366516
grandBatch128_jointsoft_00,joint_ce_off,decoder_non_qwk,hfirstALL_have_bmi,ACC_grade_fused,0.3054187192118227
grandBatch128_jointsoft_00,joint_ce_off,decoder_non_qwk,internal,ACC_grade_fused,0.37748003091986604
grandBatch128_jointsoft_00,joint_ce_off,decoder_temp_ev_macro_f1,handan,ACC_grade_fused,0.7786561264822134
grandBatch128_jointsoft_00,joint_ce_off,decoder_temp_ev_macro_f1,handan_have_bmi,ACC_grade_fused,0.7757847533632287
grandBatch128_jointsoft_00,joint_ce_off,decoder_temp_ev_macro_f1,hebei,ACC_grade_fused,0.785
grandBatch128_jointsoft_00,joint_ce_off,decoder_temp_ev_macro_f1,hfirstALL,ACC_grade_fused,0.2986425339366516
grandBatch128_jointsoft_00,joint_ce_off,decoder_temp_ev_macro_f1,hfirstALL_have_bmi,ACC_grade_fused,0.3054187192118227
grandBatch128_jointsoft_00,joint_ce_off,decoder_temp_ev_macro_f1,internal,ACC_grade_fused,0.37748003091986604
grandBatch128_jointsoft_00,joint_ce_off,decoder_temp_threshold_composite,handan,ACC_grade_fused,0.7786561264822134
grandBatch128_jointsoft_00,joint_ce_off,decoder_temp_threshold_composite,handan_have_bmi,ACC_grade_fused,0.7757847533632287
grandBatch128_jointsoft_00,joint_ce_off,decoder_temp_threshold_composite,hebei,ACC_grade_fused,0.785
grandBatch128_jointsoft_00,joint_ce_off,decoder_temp_threshold_composite,hfirstALL,ACC_grade_fused,0.2986425339366516
grandBatch128_jointsoft_00,joint_ce_off,decoder_temp_threshold_composite,hfirstALL_have_bmi,ACC_grade_fused,0.3054187192118227
grandBatch128_jointsoft_00,joint_ce_off,decoder_temp_threshold_composite,internal,ACC_grade_fused,0.37748003091986604
grandBatch128,joint_ce_on,decoder_non_qwk,handan,ACC_stage_fused,0.8003952569169961
grandBatch128,joint_ce_on,decoder_non_qwk,handan_have_bmi,ACC_stage_fused,0.7937219730941704
grandBatch128,joint_ce_on,decoder_non_qwk,hebei,ACC_stage_fused,0.805
grandBatch128,joint_ce_on,decoder_non_qwk,hfirstALL,ACC_stage_fused,0.3574660633484163
grandBatch128,joint_ce_on,decoder_non_qwk,hfirstALL_have_bmi,ACC_stage_fused,0.3645320197044335
grandBatch128,joint_ce_on,decoder_non_qwk,internal,ACC_stage_fused,0.6511208451430044
grandBatch128,joint_ce_on,decoder_temp_ev_macro_f1,handan,ACC_stage_fused,0.8003952569169961
grandBatch128,joint_ce_on,decoder_temp_ev_macro_f1,handan_have_bmi,ACC_stage_fused,0.7937219730941704
grandBatch128,joint_ce_on,decoder_temp_ev_macro_f1,hebei,ACC_stage_fused,0.805
grandBatch128,joint_ce_on,decoder_temp_ev_macro_f1,hfirstALL,ACC_stage_fused,0.3574660633484163
grandBatch128,joint_ce_on,decoder_temp_ev_macro_f1,hfirstALL_have_bmi,ACC_stage_fused,0.3645320197044335
grandBatch128,joint_ce_on,decoder_temp_ev_macro_f1,internal,ACC_stage_fused,0.6511208451430044
grandBatch128,joint_ce_on,decoder_temp_threshold_composite,handan,ACC_stage_fused,0.8003952569169961
grandBatch128,joint_ce_on,decoder_temp_threshold_composite,handan_have_bmi,ACC_stage_fused,0.7937219730941704
grandBatch128,joint_ce_on,decoder_temp_threshold_composite,hebei,ACC_stage_fused,0.805
grandBatch128,joint_ce_on,decoder_temp_threshold_composite,hfirstALL,ACC_stage_fused,0.3574660633484163
grandBatch128,joint_ce_on,decoder_temp_threshold_composite,hfirstALL_have_bmi,ACC_stage_fused,0.3645320197044335
grandBatch128,joint_ce_on,decoder_temp_threshold_composite,internal,ACC_stage_fused,0.6511208451430044
grandBatch128_jointsoft_00,joint_ce_off,decoder_non_qwk,handan,ACC_stage_fused,0.8023715415019763
grandBatch128_jointsoft_00,joint_ce_off,decoder_non_qwk,handan_have_bmi,ACC_stage_fused,0.8026905829596412
grandBatch128_jointsoft_00,joint_ce_off,decoder_non_qwk,hebei,ACC_stage_fused,0.805
grandBatch128_jointsoft_00,joint_ce_off,decoder_non_qwk,hfirstALL,ACC_stage_fused,0.3755656108597285
grandBatch128_jointsoft_00,joint_ce_off,decoder_non_qwk,hfirstALL_have_bmi,ACC_stage_fused,0.3891625615763547
grandBatch128_jointsoft_00,joint_ce_off,decoder_non_qwk,internal,ACC_stage_fused,0.6640041226488018
grandBatch128_jointsoft_00,joint_ce_off,decoder_temp_ev_macro_f1,handan,ACC_stage_fused,0.8023715415019763
grandBatch128_jointsoft_00,joint_ce_off,decoder_temp_ev_macro_f1,handan_have_bmi,ACC_stage_fused,0.8026905829596412
grandBatch128_jointsoft_00,joint_ce_off,decoder_temp_ev_macro_f1,hebei,ACC_stage_fused,0.805
grandBatch128_jointsoft_00,joint_ce_off,decoder_temp_ev_macro_f1,hfirstALL,ACC_stage_fused,0.3755656108597285
grandBatch128_jointsoft_00,joint_ce_off,decoder_temp_ev_macro_f1,hfirstALL_have_bmi,ACC_stage_fused,0.3891625615763547
grandBatch128_jointsoft_00,joint_ce_off,decoder_temp_ev_macro_f1,internal,ACC_stage_fused,0.6640041226488018
grandBatch128_jointsoft_00,joint_ce_off,decoder_temp_threshold_composite,handan,ACC_stage_fused,0.8023715415019763
grandBatch128_jointsoft_00,joint_ce_off,decoder_temp_threshold_composite,handan_have_bmi,ACC_stage_fused,0.8026905829596412
grandBatch128_jointsoft_00,joint_ce_off,decoder_temp_threshold_composite,hebei,ACC_stage_fused,0.805
grandBatch128_jointsoft_00,joint_ce_off,decoder_temp_threshold_composite,hfirstALL,ACC_stage_fused,0.3755656108597285
grandBatch128_jointsoft_00,joint_ce_off,decoder_temp_threshold_composite,hfirstALL_have_bmi,ACC_stage_fused,0.3891625615763547
grandBatch128_jointsoft_00,joint_ce_off,decoder_temp_threshold_composite,internal,ACC_stage_fused,0.6640041226488018
grandBatch128,joint_ce_on,decoder_non_qwk,handan,ACC_joint6_fused,0.7845849802371542
grandBatch128,joint_ce_on,decoder_non_qwk,handan_have_bmi,ACC_joint6_fused,0.7757847533632287
grandBatch128,joint_ce_on,decoder_non_qwk,hebei,ACC_joint6_fused,0.785
grandBatch128,joint_ce_on,decoder_non_qwk,hfirstALL,ACC_joint6_fused,0.29411764705882354
grandBatch128,joint_ce_on,decoder_non_qwk,hfirstALL_have_bmi,ACC_joint6_fused,0.30049261083743845
grandBatch128,joint_ce_on,decoder_non_qwk,internal,ACC_joint6_fused,0.3857253285235764
grandBatch128,joint_ce_on,decoder_temp_ev_macro_f1,handan,ACC_joint6_fused,0.7845849802371542
grandBatch128,joint_ce_on,decoder_temp_ev_macro_f1,handan_have_bmi,ACC_joint6_fused,0.7757847533632287
grandBatch128,joint_ce_on,decoder_temp_ev_macro_f1,hebei,ACC_joint6_fused,0.785
grandBatch128,joint_ce_on,decoder_temp_ev_macro_f1,hfirstALL,ACC_joint6_fused,0.29411764705882354
grandBatch128,joint_ce_on,decoder_temp_ev_macro_f1,hfirstALL_have_bmi,ACC_joint6_fused,0.30049261083743845
grandBatch128,joint_ce_on,decoder_temp_ev_macro_f1,internal,ACC_joint6_fused,0.3857253285235764
grandBatch128,joint_ce_on,decoder_temp_threshold_composite,handan,ACC_joint6_fused,0.7845849802371542
grandBatch128,joint_ce_on,decoder_temp_threshold_composite,handan_have_bmi,ACC_joint6_fused,0.7757847533632287
grandBatch128,joint_ce_on,decoder_temp_threshold_composite,hebei,ACC_joint6_fused,0.785
grandBatch128,joint_ce_on,decoder_temp_threshold_composite,hfirstALL,ACC_joint6_fused,0.29411764705882354
grandBatch128,joint_ce_on,decoder_temp_threshold_composite,hfirstALL_have_bmi,ACC_joint6_fused,0.30049261083743845
grandBatch128,joint_ce_on,decoder_temp_threshold_composite,internal,ACC_joint6_fused,0.3857253285235764
grandBatch128_jointsoft_00,joint_ce_off,decoder_non_qwk,handan,ACC_joint6_fused,0.7786561264822134
grandBatch128_jointsoft_00,joint_ce_off,decoder_non_qwk,handan_have_bmi,ACC_joint6_fused,0.7757847533632287
grandBatch128_jointsoft_00,joint_ce_off,decoder_non_qwk,hebei,ACC_joint6_fused,0.785
grandBatch128_jointsoft_00,joint_ce_off,decoder_non_qwk,hfirstALL,ACC_joint6_fused,0.2986425339366516
grandBatch128_jointsoft_00,joint_ce_off,decoder_non_qwk,hfirstALL_have_bmi,ACC_joint6_fused,0.3054187192118227
grandBatch128_jointsoft_00,joint_ce_off,decoder_non_qwk,internal,ACC_joint6_fused,0.37722236536975007
grandBatch128_jointsoft_00,joint_ce_off,decoder_temp_ev_macro_f1,handan,ACC_joint6_fused,0.7786561264822134
grandBatch128_jointsoft_00,joint_ce_off,decoder_temp_ev_macro_f1,handan_have_bmi,ACC_joint6_fused,0.7757847533632287
grandBatch128_jointsoft_00,joint_ce_off,decoder_temp_ev_macro_f1,hebei,ACC_joint6_fused,0.785
grandBatch128_jointsoft_00,joint_ce_off,decoder_temp_ev_macro_f1,hfirstALL,ACC_joint6_fused,0.2986425339366516
grandBatch128_jointsoft_00,joint_ce_off,decoder_temp_ev_macro_f1,hfirstALL_have_bmi,ACC_joint6_fused,0.3054187192118227
grandBatch128_jointsoft_00,joint_ce_off,decoder_temp_ev_macro_f1,internal,ACC_joint6_fused,0.37722236536975007
grandBatch128_jointsoft_00,joint_ce_off,decoder_temp_threshold_composite,handan,ACC_joint6_fused,0.7786561264822134
grandBatch128_jointsoft_00,joint_ce_off,decoder_temp_threshold_composite,handan_have_bmi,ACC_joint6_fused,0.7757847533632287
grandBatch128_jointsoft_00,joint_ce_off,decoder_temp_threshold_composite,hebei,ACC_joint6_fused,0.785
grandBatch128_jointsoft_00,joint_ce_off,decoder_temp_threshold_composite,hfirstALL,ACC_joint6_fused,0.2986425339366516
grandBatch128_jointsoft_00,joint_ce_off,decoder_temp_threshold_composite,hfirstALL_have_bmi,ACC_joint6_fused,0.3054187192118227
grandBatch128_jointsoft_00,joint_ce_off,decoder_temp_threshold_composite,internal,ACC_joint6_fused,0.37722236536975007
grandBatch128,joint_ce_on,decoder_non_qwk,handan,AUROC_grade_any_htn_fused,0.7103119084848983
grandBatch128,joint_ce_on,decoder_non_qwk,handan_have_bmi,AUROC_grade_any_htn_fused,0.7159977703455964
grandBatch128,joint_ce_on,decoder_non_qwk,hebei,AUROC_grade_any_htn_fused,0.9717673630717109
grandBatch128,joint_ce_on,decoder_non_qwk,hfirstALL,AUROC_grade_any_htn_fused,0.6249134948096885
grandBatch128,joint_ce_on,decoder_non_qwk,hfirstALL_have_bmi,AUROC_grade_any_htn_fused,0.6305237315875614
grandBatch128,joint_ce_on,decoder_non_qwk,internal,AUROC_grade_any_htn_fused,0.8036120314428638
grandBatch128,joint_ce_on,decoder_temp_ev_macro_f1,handan,AUROC_grade_any_htn_fused,0.7103119084848983
grandBatch128,joint_ce_on,decoder_temp_ev_macro_f1,handan_have_bmi,AUROC_grade_any_htn_fused,0.7159977703455964
grandBatch128,joint_ce_on,decoder_temp_ev_macro_f1,hebei,AUROC_grade_any_htn_fused,0.9717673630717109
grandBatch128,joint_ce_on,decoder_temp_ev_macro_f1,hfirstALL,AUROC_grade_any_htn_fused,0.6249134948096885
grandBatch128,joint_ce_on,decoder_temp_ev_macro_f1,hfirstALL_have_bmi,AUROC_grade_any_htn_fused,0.6305237315875614
grandBatch128,joint_ce_on,decoder_temp_ev_macro_f1,internal,AUROC_grade_any_htn_fused,0.8036120314428638
grandBatch128,joint_ce_on,decoder_temp_threshold_composite,handan,AUROC_grade_any_htn_fused,0.7103119084848983
grandBatch128,joint_ce_on,decoder_temp_threshold_composite,handan_have_bmi,AUROC_grade_any_htn_fused,0.7159977703455964
grandBatch128,joint_ce_on,decoder_temp_threshold_composite,hebei,AUROC_grade_any_htn_fused,0.9717673630717109
grandBatch128,joint_ce_on,decoder_temp_threshold_composite,hfirstALL,AUROC_grade_any_htn_fused,0.6249134948096885
grandBatch128,joint_ce_on,decoder_temp_threshold_composite,hfirstALL_have_bmi,AUROC_grade_any_htn_fused,0.6305237315875614
grandBatch128,joint_ce_on,decoder_temp_threshold_composite,internal,AUROC_grade_any_htn_fused,0.8036120314428638
grandBatch128_jointsoft_00,joint_ce_off,decoder_non_qwk,handan,AUROC_grade_any_htn_fused,0.7130003017584288
grandBatch128_jointsoft_00,joint_ce_off,decoder_non_qwk,handan_have_bmi,AUROC_grade_any_htn_fused,0.71875
grandBatch128_jointsoft_00,joint_ce_off,decoder_non_qwk,hebei,AUROC_grade_any_htn_fused,0.9669678147939017
grandBatch128_jointsoft_00,joint_ce_off,decoder_non_qwk,hfirstALL,AUROC_grade_any_htn_fused,0.6276816608996539
grandBatch128_jointsoft_00,joint_ce_off,decoder_non_qwk,hfirstALL_have_bmi,AUROC_grade_any_htn_fused,0.6312056737588653
grandBatch128_jointsoft_00,joint_ce_off,decoder_non_qwk,internal,AUROC_grade_any_htn_fused,0.8002628241521413
grandBatch128_jointsoft_00,joint_ce_off,decoder_temp_ev_macro_f1,handan,AUROC_grade_any_htn_fused,0.7130003017584288
grandBatch128_jointsoft_00,joint_ce_off,decoder_temp_ev_macro_f1,handan_have_bmi,AUROC_grade_any_htn_fused,0.71875
grandBatch128_jointsoft_00,joint_ce_off,decoder_temp_ev_macro_f1,hebei,AUROC_grade_any_htn_fused,0.9669678147939017
grandBatch128_jointsoft_00,joint_ce_off,decoder_temp_ev_macro_f1,hfirstALL,AUROC_grade_any_htn_fused,0.6276816608996539
grandBatch128_jointsoft_00,joint_ce_off,decoder_temp_ev_macro_f1,hfirstALL_have_bmi,AUROC_grade_any_htn_fused,0.6312056737588653
grandBatch128_jointsoft_00,joint_ce_off,decoder_temp_ev_macro_f1,internal,AUROC_grade_any_htn_fused,0.8002628241521413
grandBatch128_jointsoft_00,joint_ce_off,decoder_temp_threshold_composite,handan,AUROC_grade_any_htn_fused,0.7130003017584288
grandBatch128_jointsoft_00,joint_ce_off,decoder_temp_threshold_composite,handan_have_bmi,AUROC_grade_any_htn_fused,0.71875
grandBatch128_jointsoft_00,joint_ce_off,decoder_temp_threshold_composite,hebei,AUROC_grade_any_htn_fused,0.9669678147939017
grandBatch128_jointsoft_00,joint_ce_off,decoder_temp_threshold_composite,hfirstALL,AUROC_grade_any_htn_fused,0.6276816608996539
grandBatch128_jointsoft_00,joint_ce_off,decoder_temp_threshold_composite,hfirstALL_have_bmi,AUROC_grade_any_htn_fused,0.6312056737588653
grandBatch128_jointsoft_00,joint_ce_off,decoder_temp_threshold_composite,internal,AUROC_grade_any_htn_fused,0.8002628241521413
grandBatch128,joint_ce_on,decoder_non_qwk,handan,AUROC_grade_ge2_fused,0.7006442705936493
grandBatch128,joint_ce_on,decoder_non_qwk,handan_have_bmi,AUROC_grade_ge2_fused,0.7068566601784861
grandBatch128,joint_ce_on,decoder_non_qwk,hebei,AUROC_grade_ge2_fused,0.9525025536261491
grandBatch128,joint_ce_on,decoder_non_qwk,hfirstALL,AUROC_grade_ge2_fused,0.6236518448438978
grandBatch128,joint_ce_on,decoder_non_qwk,hfirstALL_have_bmi,AUROC_grade_ge2_fused,0.6352285395763657
grandBatch128,joint_ce_on,decoder_non_qwk,internal,AUROC_grade_ge2_fused,0.6848227746864737
grandBatch128,joint_ce_on,decoder_temp_ev_macro_f1,handan,AUROC_grade_ge2_fused,0.7006442705936493
grandBatch128,joint_ce_on,decoder_temp_ev_macro_f1,handan_have_bmi,AUROC_grade_ge2_fused,0.7068566601784861
grandBatch128,joint_ce_on,decoder_temp_ev_macro_f1,hebei,AUROC_grade_ge2_fused,0.9525025536261491
grandBatch128,joint_ce_on,decoder_temp_ev_macro_f1,hfirstALL,AUROC_grade_ge2_fused,0.6236518448438978
grandBatch128,joint_ce_on,decoder_temp_ev_macro_f1,hfirstALL_have_bmi,AUROC_grade_ge2_fused,0.6352285395763657
grandBatch128,joint_ce_on,decoder_temp_ev_macro_f1,internal,AUROC_grade_ge2_fused,0.6848227746864737
grandBatch128,joint_ce_on,decoder_temp_threshold_composite,handan,AUROC_grade_ge2_fused,0.7006442705936493
grandBatch128,joint_ce_on,decoder_temp_threshold_composite,handan_have_bmi,AUROC_grade_ge2_fused,0.7068566601784861
grandBatch128,joint_ce_on,decoder_temp_threshold_composite,hebei,AUROC_grade_ge2_fused,0.9525025536261491
grandBatch128,joint_ce_on,decoder_temp_threshold_composite,hfirstALL,AUROC_grade_ge2_fused,0.6236518448438978
grandBatch128,joint_ce_on,decoder_temp_threshold_composite,hfirstALL_have_bmi,AUROC_grade_ge2_fused,0.6352285395763657
grandBatch128,joint_ce_on,decoder_temp_threshold_composite,internal,AUROC_grade_ge2_fused,0.6848227746864737
grandBatch128_jointsoft_00,joint_ce_off,decoder_non_qwk,handan,AUROC_grade_ge2_fused,0.7075759318913944
grandBatch128_jointsoft_00,joint_ce_off,decoder_non_qwk,handan_have_bmi,AUROC_grade_ge2_fused,0.7147893789709501
grandBatch128_jointsoft_00,joint_ce_off,decoder_non_qwk,hebei,AUROC_grade_ge2_fused,0.9558222676200204
grandBatch128_jointsoft_00,joint_ce_off,decoder_non_qwk,hfirstALL,AUROC_grade_ge2_fused,0.632639545884579
grandBatch128_jointsoft_00,joint_ce_off,decoder_non_qwk,hfirstALL_have_bmi,AUROC_grade_ge2_fused,0.6409141583054626
grandBatch128_jointsoft_00,joint_ce_off,decoder_non_qwk,internal,AUROC_grade_ge2_fused,0.674737863086426
grandBatch128_jointsoft_00,joint_ce_off,decoder_temp_ev_macro_f1,handan,AUROC_grade_ge2_fused,0.7075759318913944
grandBatch128_jointsoft_00,joint_ce_off,decoder_temp_ev_macro_f1,handan_have_bmi,AUROC_grade_ge2_fused,0.7147893789709501
grandBatch128_jointsoft_00,joint_ce_off,decoder_temp_ev_macro_f1,hebei,AUROC_grade_ge2_fused,0.9558222676200204
grandBatch128_jointsoft_00,joint_ce_off,decoder_temp_ev_macro_f1,hfirstALL,AUROC_grade_ge2_fused,0.632639545884579
grandBatch128_jointsoft_00,joint_ce_off,decoder_temp_ev_macro_f1,hfirstALL_have_bmi,AUROC_grade_ge2_fused,0.6409141583054626
grandBatch128_jointsoft_00,joint_ce_off,decoder_temp_ev_macro_f1,internal,AUROC_grade_ge2_fused,0.674737863086426
grandBatch128_jointsoft_00,joint_ce_off,decoder_temp_threshold_composite,handan,AUROC_grade_ge2_fused,0.7075759318913944
grandBatch128_jointsoft_00,joint_ce_off,decoder_temp_threshold_composite,handan_have_bmi,AUROC_grade_ge2_fused,0.7147893789709501
grandBatch128_jointsoft_00,joint_ce_off,decoder_temp_threshold_composite,hebei,AUROC_grade_ge2_fused,0.9558222676200204
grandBatch128_jointsoft_00,joint_ce_off,decoder_temp_threshold_composite,hfirstALL,AUROC_grade_ge2_fused,0.632639545884579
grandBatch128_jointsoft_00,joint_ce_off,decoder_temp_threshold_composite,hfirstALL_have_bmi,AUROC_grade_ge2_fused,0.6409141583054626
grandBatch128_jointsoft_00,joint_ce_off,decoder_temp_threshold_composite,internal,AUROC_grade_ge2_fused,0.674737863086426
grandBatch128,joint_ce_on,decoder_non_qwk,handan,AUROC_grade_ge3_fused,0.6040189125295509
grandBatch128,joint_ce_on,decoder_non_qwk,handan_have_bmi,AUROC_grade_ge3_fused,0.6165565487757482
grandBatch128,joint_ce_on,decoder_non_qwk,hebei,AUROC_grade_ge3_fused,0.9548717948717949
grandBatch128,joint_ce_on,decoder_non_qwk,hfirstALL,AUROC_grade_ge3_fused,0.579281537176274
grandBatch128,joint_ce_on,decoder_non_qwk,hfirstALL_have_bmi,AUROC_grade_ge3_fused,0.5979249011857707
grandBatch128,joint_ce_on,decoder_non_qwk,internal,AUROC_grade_ge3_fused,0.6853436317537627
grandBatch128,joint_ce_on,decoder_temp_ev_macro_f1,handan,AUROC_grade_ge3_fused,0.6040189125295509
grandBatch128,joint_ce_on,decoder_temp_ev_macro_f1,handan_have_bmi,AUROC_grade_ge3_fused,0.6165565487757482
grandBatch128,joint_ce_on,decoder_temp_ev_macro_f1,hebei,AUROC_grade_ge3_fused,0.9548717948717949
grandBatch128,joint_ce_on,decoder_temp_ev_macro_f1,hfirstALL,AUROC_grade_ge3_fused,0.579281537176274
grandBatch128,joint_ce_on,decoder_temp_ev_macro_f1,hfirstALL_have_bmi,AUROC_grade_ge3_fused,0.5979249011857707
grandBatch128,joint_ce_on,decoder_temp_ev_macro_f1,internal,AUROC_grade_ge3_fused,0.6853436317537627
grandBatch128,joint_ce_on,decoder_temp_threshold_composite,handan,AUROC_grade_ge3_fused,0.6040189125295509
grandBatch128,joint_ce_on,decoder_temp_threshold_composite,handan_have_bmi,AUROC_grade_ge3_fused,0.6165565487757482
grandBatch128,joint_ce_on,decoder_temp_threshold_composite,hebei,AUROC_grade_ge3_fused,0.9548717948717949
grandBatch128,joint_ce_on,decoder_temp_threshold_composite,hfirstALL,AUROC_grade_ge3_fused,0.579281537176274
grandBatch128,joint_ce_on,decoder_temp_threshold_composite,hfirstALL_have_bmi,AUROC_grade_ge3_fused,0.5979249011857707
grandBatch128,joint_ce_on,decoder_temp_threshold_composite,internal,AUROC_grade_ge3_fused,0.6853436317537627
grandBatch128_jointsoft_00,joint_ce_off,decoder_non_qwk,handan,AUROC_grade_ge3_fused,0.6227541371158392
grandBatch128_jointsoft_00,joint_ce_off,decoder_non_qwk,handan_have_bmi,AUROC_grade_ge3_fused,0.6333462883793237
grandBatch128_jointsoft_00,joint_ce_off,decoder_non_qwk,hebei,AUROC_grade_ge3_fused,0.962051282051282
grandBatch128_jointsoft_00,joint_ce_off,decoder_non_qwk,hfirstALL,AUROC_grade_ge3_fused,0.5973266499582289
grandBatch128_jointsoft_00,joint_ce_off,decoder_non_qwk,hfirstALL_have_bmi,AUROC_grade_ge3_fused,0.6125494071146245
grandBatch128_jointsoft_00,joint_ce_off,decoder_non_qwk,internal,AUROC_grade_ge3_fused,0.676418569523971
grandBatch128_jointsoft_00,joint_ce_off,decoder_temp_ev_macro_f1,handan,AUROC_grade_ge3_fused,0.6227541371158392
grandBatch128_jointsoft_00,joint_ce_off,decoder_temp_ev_macro_f1,handan_have_bmi,AUROC_grade_ge3_fused,0.6333462883793237
grandBatch128_jointsoft_00,joint_ce_off,decoder_temp_ev_macro_f1,hebei,AUROC_grade_ge3_fused,0.962051282051282
grandBatch128_jointsoft_00,joint_ce_off,decoder_temp_ev_macro_f1,hfirstALL,AUROC_grade_ge3_fused,0.5973266499582289
grandBatch128_jointsoft_00,joint_ce_off,decoder_temp_ev_macro_f1,hfirstALL_have_bmi,AUROC_grade_ge3_fused,0.6125494071146245
grandBatch128_jointsoft_00,joint_ce_off,decoder_temp_ev_macro_f1,internal,AUROC_grade_ge3_fused,0.676418569523971
grandBatch128_jointsoft_00,joint_ce_off,decoder_temp_threshold_composite,handan,AUROC_grade_ge3_fused,0.6227541371158392
grandBatch128_jointsoft_00,joint_ce_off,decoder_temp_threshold_composite,handan_have_bmi,AUROC_grade_ge3_fused,0.6333462883793237
grandBatch128_jointsoft_00,joint_ce_off,decoder_temp_threshold_composite,hebei,AUROC_grade_ge3_fused,0.962051282051282
grandBatch128_jointsoft_00,joint_ce_off,decoder_temp_threshold_composite,hfirstALL,AUROC_grade_ge3_fused,0.5973266499582289
grandBatch128_jointsoft_00,joint_ce_off,decoder_temp_threshold_composite,hfirstALL_have_bmi,AUROC_grade_ge3_fused,0.6125494071146245
grandBatch128_jointsoft_00,joint_ce_off,decoder_temp_threshold_composite,internal,AUROC_grade_ge3_fused,0.676418569523971
grandBatch128,joint_ce_on,decoder_non_qwk,handan,AUROC_stage_any_htn_fused,0.7103119084848983
grandBatch128,joint_ce_on,decoder_non_qwk,handan_have_bmi,AUROC_stage_any_htn_fused,0.7159977703455964
grandBatch128,joint_ce_on,decoder_non_qwk,hebei,AUROC_stage_any_htn_fused,0.9717673630717109
grandBatch128,joint_ce_on,decoder_non_qwk,hfirstALL,AUROC_stage_any_htn_fused,0.6249134948096885
grandBatch128,joint_ce_on,decoder_non_qwk,hfirstALL_have_bmi,AUROC_stage_any_htn_fused,0.6305237315875614
grandBatch128,joint_ce_on,decoder_non_qwk,internal,AUROC_stage_any_htn_fused,0.8036120314428638
grandBatch128,joint_ce_on,decoder_temp_ev_macro_f1,handan,AUROC_stage_any_htn_fused,0.7103119084848983
grandBatch128,joint_ce_on,decoder_temp_ev_macro_f1,handan_have_bmi,AUROC_stage_any_htn_fused,0.7159977703455964
grandBatch128,joint_ce_on,decoder_temp_ev_macro_f1,hebei,AUROC_stage_any_htn_fused,0.9717673630717109
grandBatch128,joint_ce_on,decoder_temp_ev_macro_f1,hfirstALL,AUROC_stage_any_htn_fused,0.6249134948096885
grandBatch128,joint_ce_on,decoder_temp_ev_macro_f1,hfirstALL_have_bmi,AUROC_stage_any_htn_fused,0.6305237315875614
grandBatch128,joint_ce_on,decoder_temp_ev_macro_f1,internal,AUROC_stage_any_htn_fused,0.8036120314428638
grandBatch128,joint_ce_on,decoder_temp_threshold_composite,handan,AUROC_stage_any_htn_fused,0.7103119084848983
grandBatch128,joint_ce_on,decoder_temp_threshold_composite,handan_have_bmi,AUROC_stage_any_htn_fused,0.7159977703455964
grandBatch128,joint_ce_on,decoder_temp_threshold_composite,hebei,AUROC_stage_any_htn_fused,0.9717673630717109
grandBatch128,joint_ce_on,decoder_temp_threshold_composite,hfirstALL,AUROC_stage_any_htn_fused,0.6249134948096885
grandBatch128,joint_ce_on,decoder_temp_threshold_composite,hfirstALL_have_bmi,AUROC_stage_any_htn_fused,0.6305237315875614
grandBatch128,joint_ce_on,decoder_temp_threshold_composite,internal,AUROC_stage_any_htn_fused,0.8036120314428638
grandBatch128_jointsoft_00,joint_ce_off,decoder_non_qwk,handan,AUROC_stage_any_htn_fused,0.7130003017584288
grandBatch128_jointsoft_00,joint_ce_off,decoder_non_qwk,handan_have_bmi,AUROC_stage_any_htn_fused,0.71875
grandBatch128_jointsoft_00,joint_ce_off,decoder_non_qwk,hebei,AUROC_stage_any_htn_fused,0.9669678147939017
grandBatch128_jointsoft_00,joint_ce_off,decoder_non_qwk,hfirstALL,AUROC_stage_any_htn_fused,0.6276816608996539
grandBatch128_jointsoft_00,joint_ce_off,decoder_non_qwk,hfirstALL_have_bmi,AUROC_stage_any_htn_fused,0.6312056737588653
grandBatch128_jointsoft_00,joint_ce_off,decoder_non_qwk,internal,AUROC_stage_any_htn_fused,0.8002628241521413
grandBatch128_jointsoft_00,joint_ce_off,decoder_temp_ev_macro_f1,handan,AUROC_stage_any_htn_fused,0.7130003017584288
grandBatch128_jointsoft_00,joint_ce_off,decoder_temp_ev_macro_f1,handan_have_bmi,AUROC_stage_any_htn_fused,0.71875
grandBatch128_jointsoft_00,joint_ce_off,decoder_temp_ev_macro_f1,hebei,AUROC_stage_any_htn_fused,0.9669678147939017
grandBatch128_jointsoft_00,joint_ce_off,decoder_temp_ev_macro_f1,hfirstALL,AUROC_stage_any_htn_fused,0.6276816608996539
grandBatch128_jointsoft_00,joint_ce_off,decoder_temp_ev_macro_f1,hfirstALL_have_bmi,AUROC_stage_any_htn_fused,0.6312056737588653
grandBatch128_jointsoft_00,joint_ce_off,decoder_temp_ev_macro_f1,internal,AUROC_stage_any_htn_fused,0.8002628241521413
grandBatch128_jointsoft_00,joint_ce_off,decoder_temp_threshold_composite,handan,AUROC_stage_any_htn_fused,0.7130003017584288
grandBatch128_jointsoft_00,joint_ce_off,decoder_temp_threshold_composite,handan_have_bmi,AUROC_stage_any_htn_fused,0.71875
grandBatch128_jointsoft_00,joint_ce_off,decoder_temp_threshold_composite,hebei,AUROC_stage_any_htn_fused,0.9669678147939017
grandBatch128_jointsoft_00,joint_ce_off,decoder_temp_threshold_composite,hfirstALL,AUROC_stage_any_htn_fused,0.6276816608996539
grandBatch128_jointsoft_00,joint_ce_off,decoder_temp_threshold_composite,hfirstALL_have_bmi,AUROC_stage_any_htn_fused,0.6312056737588653
grandBatch128_jointsoft_00,joint_ce_off,decoder_temp_threshold_composite,internal,AUROC_stage_any_htn_fused,0.8002628241521413
grandBatch128,joint_ce_on,decoder_non_qwk,handan,AUROC_stage_ge2_fused,0.7164014895057549
grandBatch128,joint_ce_on,decoder_non_qwk,handan_have_bmi,AUROC_stage_ge2_fused,0.7243126684636119
grandBatch128,joint_ce_on,decoder_non_qwk,hebei,AUROC_stage_ge2_fused,0.9624379872430899
grandBatch128,joint_ce_on,decoder_non_qwk,hfirstALL,AUROC_stage_ge2_fused,0.6731455399061033
grandBatch128,joint_ce_on,decoder_non_qwk,hfirstALL_have_bmi,AUROC_stage_ge2_fused,0.691638795986622
grandBatch128,joint_ce_on,decoder_non_qwk,internal,AUROC_stage_ge2_fused,0.8039854628065803
grandBatch128,joint_ce_on,decoder_temp_ev_macro_f1,handan,AUROC_stage_ge2_fused,0.7164014895057549
grandBatch128,joint_ce_on,decoder_temp_ev_macro_f1,handan_have_bmi,AUROC_stage_ge2_fused,0.7243126684636119
grandBatch128,joint_ce_on,decoder_temp_ev_macro_f1,hebei,AUROC_stage_ge2_fused,0.9624379872430899
grandBatch128,joint_ce_on,decoder_temp_ev_macro_f1,hfirstALL,AUROC_stage_ge2_fused,0.6731455399061033
grandBatch128,joint_ce_on,decoder_temp_ev_macro_f1,hfirstALL_have_bmi,AUROC_stage_ge2_fused,0.691638795986622
grandBatch128,joint_ce_on,decoder_temp_ev_macro_f1,internal,AUROC_stage_ge2_fused,0.8039854628065803
grandBatch128,joint_ce_on,decoder_temp_threshold_composite,handan,AUROC_stage_ge2_fused,0.7164014895057549
grandBatch128,joint_ce_on,decoder_temp_threshold_composite,handan_have_bmi,AUROC_stage_ge2_fused,0.7243126684636119
grandBatch128,joint_ce_on,decoder_temp_threshold_composite,hebei,AUROC_stage_ge2_fused,0.9624379872430899
grandBatch128,joint_ce_on,decoder_temp_threshold_composite,hfirstALL,AUROC_stage_ge2_fused,0.6731455399061033
grandBatch128,joint_ce_on,decoder_temp_threshold_composite,hfirstALL_have_bmi,AUROC_stage_ge2_fused,0.691638795986622
grandBatch128,joint_ce_on,decoder_temp_threshold_composite,internal,AUROC_stage_ge2_fused,0.8039854628065803
grandBatch128_jointsoft_00,joint_ce_off,decoder_non_qwk,handan,AUROC_stage_ge2_fused,0.7219589257503949
grandBatch128_jointsoft_00,joint_ce_off,decoder_non_qwk,handan_have_bmi,AUROC_stage_ge2_fused,0.7291644204851753
grandBatch128_jointsoft_00,joint_ce_off,decoder_non_qwk,hebei,AUROC_stage_ge2_fused,0.9576541459957477
grandBatch128_jointsoft_00,joint_ce_off,decoder_non_qwk,hfirstALL,AUROC_stage_ge2_fused,0.6831924882629108
grandBatch128_jointsoft_00,joint_ce_off,decoder_non_qwk,hfirstALL_have_bmi,AUROC_stage_ge2_fused,0.6963210702341137
grandBatch128_jointsoft_00,joint_ce_off,decoder_non_qwk,internal,AUROC_stage_ge2_fused,0.801881895208034
grandBatch128_jointsoft_00,joint_ce_off,decoder_temp_ev_macro_f1,handan,AUROC_stage_ge2_fused,0.7219589257503949
grandBatch128_jointsoft_00,joint_ce_off,decoder_temp_ev_macro_f1,handan_have_bmi,AUROC_stage_ge2_fused,0.7291644204851753
grandBatch128_jointsoft_00,joint_ce_off,decoder_temp_ev_macro_f1,hebei,AUROC_stage_ge2_fused,0.9576541459957477
grandBatch128_jointsoft_00,joint_ce_off,decoder_temp_ev_macro_f1,hfirstALL,AUROC_stage_ge2_fused,0.6831924882629108
grandBatch128_jointsoft_00,joint_ce_off,decoder_temp_ev_macro_f1,hfirstALL_have_bmi,AUROC_stage_ge2_fused,0.6963210702341137
grandBatch128_jointsoft_00,joint_ce_off,decoder_temp_ev_macro_f1,internal,AUROC_stage_ge2_fused,0.801881895208034
grandBatch128_jointsoft_00,joint_ce_off,decoder_temp_threshold_composite,handan,AUROC_stage_ge2_fused,0.7219589257503949
grandBatch128_jointsoft_00,joint_ce_off,decoder_temp_threshold_composite,handan_have_bmi,AUROC_stage_ge2_fused,0.7291644204851753
grandBatch128_jointsoft_00,joint_ce_off,decoder_temp_threshold_composite,hebei,AUROC_stage_ge2_fused,0.9576541459957477
grandBatch128_jointsoft_00,joint_ce_off,decoder_temp_threshold_composite,hfirstALL,AUROC_stage_ge2_fused,0.6831924882629108
grandBatch128_jointsoft_00,joint_ce_off,decoder_temp_threshold_composite,hfirstALL_have_bmi,AUROC_stage_ge2_fused,0.6963210702341137
grandBatch128_jointsoft_00,joint_ce_off,decoder_temp_threshold_composite,internal,AUROC_stage_ge2_fused,0.801881895208034
